"","Country","X1949","X1950","X1951","X1952","X1953","X1954","X1955","X1956","X1957","X1958","X1959","X1960","X1961","X1962","X1963","X1964","X1965","X1966","X1967","X1968","X1969","X1970","X1971","X1972","X1973","X1974","X1975","X1976","X1977","X1978","X1979","X1980","X1981","X1982","X1983","X1984","X1985","X1986","X1987","X1988","X1989","X1990","X1991","X1992","X1993","X1994","X1995","X1996","X1997","X1998","X1999","X2000","X2001","X2002","X2003","X2004","X2005","X2006","X2007","X2008","X2009","X2010","X2011","X2012","X2013","X2014","X2015","X2016","X2017","X2018","X2019","X2020","X2021"
"Algeria","Algeria",NA,NA,NA,NA,NA,NA,NA,NA,NA,NA,NA,NA,NA,NA,2.51,3.5,3.42,3.51,3.02,2.61,2.39,2.13,2.09,1.8,1.69,1.96,2.13,2.7,2.24,2.38,2.14,2.1,1.82,2.06,1.95,1.76,1.64,1.79,1.86,1.75,1.54,1.46,1.21,2.14,2.51,3.15,2.94,3.09,3.64,3.97,3.76,3.43,3.82,3.7,3.25,3.28,2.83,2.64,2.92,3.02,3.85,3.52,4.33,4.46,4.84,5.55,6.27,6.38,5.92,5.47,6.02,6.66,5.59
"Libya","Libya",NA,NA,NA,NA,NA,NA,NA,NA,NA,NA,NA,1.59,1.86,3.1,2.41,1.84,1.86,2.91,3.36,2.86,3.76,6.07,5.32,3.71,3.98,3.29,2.25,1.97,2.46,3.8,3.22,2.92,1.76,2.24,NA,NA,NA,NA,NA,NA,NA,NA,NA,NA,NA,NA,NA,NA,4.08,5.3,3.78,3.15,2.41,2.07,2.07,2.07,1.53,1.12,0.947,1.49,NA,NA,NA,3.75,7.64,15.5,NA,NA,NA,NA,NA,NA,NA
"Morocco","Morocco",NA,NA,NA,NA,NA,NA,NA,1.18,1.76,2.14,2.47,2.32,2.7,2.57,3.2,2.84,2.43,2.68,2.62,3,2.39,2.32,2.63,2.84,3.06,3.15,4.6,6.22,6.62,5.84,5.63,5.94,6.38,6.22,4.51,4.02,5.39,4.3,4.37,4.13,4.39,4.15,4.14,4.3,4.66,4.49,4.35,3.95,4.19,3.46,2.42,2.69,3.73,3.49,3.49,3.25,3.26,3.11,3.05,3.18,3.29,3.39,3.3,3.46,3.81,3.68,3.23,3.22,3.18,3.12,3.1,4.28,4.18
"Tunisia","Tunisia",NA,NA,NA,NA,NA,NA,NA,NA,NA,NA,NA,2,2.22,1.73,1.51,1.74,1.29,1.32,1.42,1.44,1.31,1.56,1.48,1.41,1.4,1.31,1.74,1.86,2.38,2.49,2.24,2.03,2.48,3.69,4.17,2.76,2.34,2.09,1.82,2.1,2.11,1.84,1.83,1.71,1.73,1.74,1.74,1.87,1.73,1.68,1.56,1.55,1.52,1.49,1.48,1.43,1.45,1.45,1.26,1.29,1.29,1.3,1.56,1.51,1.64,1.91,2.27,2.36,2.14,2.11,2.56,2.91,2.83
"Angola","Angola",NA,NA,NA,NA,NA,NA,NA,NA,NA,NA,NA,NA,NA,NA,NA,NA,NA,NA,NA,NA,NA,NA,NA,NA,NA,NA,NA,NA,NA,NA,NA,NA,NA,NA,NA,NA,1.72e-05,1.73e-05,22.2,22,19.4,17.5,7.1,5.68,17.5,5.71,4.71,2.45,5.97,2.64,17.3,6.39,4.52,2.87,3.76,3.47,3.69,3.76,3.11,3.57,4.71,4.18,3.26,3.24,4.46,4.7,3.11,2.73,2.51,1.87,1.64,1.44,1.13
"Benin","Benin",NA,NA,NA,NA,NA,NA,NA,NA,NA,NA,NA,0.872,1.4,1.75,1.74,2.18,2.11,1.9,1.98,2.07,1.89,1.63,1.6,1.49,1.68,1.44,1.49,1.28,1.68,1.19,1.93,2.03,1.55,1.05,1.19,1.46,1.3,1.36,1.57,1.56,1.31,1.23,NA,NA,NA,NA,NA,NA,NA,NA,0.485,0.413,0.358,0.623,0.647,0.676,0.681,0.666,NA,0.664,NA,NA,NA,0.702,0.687,0.701,0.798,0.674,0.921,0.633,0.473,0.471,0.561
"Botswana","Botswana",NA,NA,NA,NA,NA,NA,NA,NA,NA,NA,NA,NA,NA,NA,NA,NA,NA,NA,NA,NA,NA,NA,NA,NA,NA,NA,NA,NA,1.36,2.87,3.5,3.21,2.98,2.69,2.33,2.44,2.18,2.66,4.79,4.9,3.57,4.45,4.6,4.48,4.93,4.01,3.51,2.9,3.2,3.78,3.09,3.19,3.83,4.11,4.01,3.51,2.86,2.7,2.8,3.04,3.22,2.73,2.37,2.27,2.06,2.13,2.66,3.29,3.01,2.68,2.81,3.2,2.86
"Burkina Faso","Burkina Faso",NA,NA,NA,NA,NA,NA,NA,NA,NA,NA,NA,0.682,0.834,2.35,2.38,2.61,1.52,1.65,1.33,1.18,1.25,1.17,1.18,1.14,1.24,1.15,2.81,3.12,3.04,3.28,2.7,2.75,2.84,3,2.93,3.02,1.84,2.62,2.25,2.31,2.74,2.7,2.17,2.05,1.86,1.42,1.38,1.29,1.42,1.28,1.39,1.39,1.3,1.32,1.21,1.36,1.35,1.25,1.59,1.4,1.52,1.38,1.29,1.32,1.39,1.43,1.42,1.38,1.56,2.17,2.61,2.73,2.89
"Burundi","Burundi",NA,NA,NA,NA,NA,NA,NA,NA,NA,NA,NA,NA,NA,3.94,0.435,0.446,1.35,1.38,1.33,1.41,1.75,NA,1.03,1.46,1.95,2.23,2.06,2.22,2.53,2.8,2.64,2.92,3.03,3.51,3.1,2.98,2.75,2.81,2.65,3.15,3.35,3.45,3.79,3.6,3.72,3.92,4.21,5.86,6.36,6.57,6.26,4.86,6.07,5.44,5.53,4.9,4.44,3.51,3.41,2.72,NA,NA,NA,2.53,2.37,2.12,2.2,2.12,1.87,1.88,2.5,1.98,1.92
"Cameroon","Cameroon",NA,NA,NA,NA,NA,NA,NA,NA,NA,NA,NA,NA,NA,NA,NA,NA,NA,NA,NA,NA,NA,1.87,1.84,1.76,1.76,1.69,1.73,1.76,1.72,1.67,1.66,1.56,1.82,1.99,1.89,1.74,1.34,1.22,1.25,1.28,1.33,1.47,1.51,1.53,1.33,1.31,1.25,1.22,1.3,1.4,1.44,1.32,1.29,1.34,1.38,1.4,1.24,1.33,1.33,1.31,1.32,1.35,1.18,1.22,1.21,1.15,1.14,1.19,1.17,1.11,1.09,1.01,1.02
"Cape Verde","Cape Verde",NA,NA,NA,NA,NA,NA,NA,NA,NA,NA,NA,NA,NA,NA,NA,NA,NA,NA,NA,NA,NA,NA,NA,NA,NA,NA,NA,NA,NA,NA,NA,NA,NA,NA,NA,2.79,2.46,2.34,2.1,1.91,NA,NA,NA,0.993,0.757,0.839,1.27,0.844,0.831,0.859,0.839,1.15,0.754,0.665,0.649,0.631,0.649,0.565,0.525,0.601,0.491,0.495,0.523,0.556,0.53,0.541,0.559,0.612,0.531,0.542,0.488,0.59,0.536
"Central African Republic","Central African Republic",NA,NA,NA,NA,NA,NA,NA,NA,NA,NA,NA,NA,NA,NA,NA,NA,NA,NA,NA,NA,NA,NA,NA,NA,NA,NA,NA,NA,NA,NA,NA,NA,NA,NA,NA,NA,NA,NA,NA,NA,NA,NA,1.57,1.64,1.5,1.26,1.17,1.21,NA,NA,NA,NA,NA,1.11,1.35,1.2,1.15,NA,1.13,1.59,1.82,2.6,2.27,1.97,3.16,2.26,1.69,1.53,1.44,1.43,1.92,2.01,1.86
"Chad","Chad",NA,NA,NA,NA,NA,NA,NA,NA,NA,NA,NA,NA,NA,NA,NA,NA,NA,NA,NA,NA,NA,NA,NA,NA,NA,NA,NA,NA,NA,NA,NA,NA,NA,NA,4.73,4.36,3.66,4.57,2.95,5.25,3.94,1.98,NA,1.88,2.68,1.88,1.39,1.54,1.08,0.923,1.37,1.36,1.35,1.52,1.32,1.01,0.832,3,4.49,5.89,7.96,5.76,5.01,NA,5.59,2.81,2.02,3.07,2.24,2.34,2.19,3.08,2.79
"Congo, DR","Congo, DR",NA,NA,NA,NA,NA,NA,NA,NA,NA,NA,NA,NA,NA,NA,NA,3.91e-05,NA,4.31e-05,NA,4.22e-05,4.17e-05,5.52e-05,4.86e-05,4.03e-05,3.49e-05,5.27e-05,4.53e-05,3.36e-05,3.49e-05,3.27e-05,2.97e-05,NA,NA,NA,NA,NA,NA,NA,NA,NA,NA,NA,NA,NA,5.23,NA,NA,1.55,1.41,0.428,1.16,0.22,NA,NA,0.881,1.34,1.38,1.43,1.25,0.809,0.656,0.852,0.924,1.13,1.15,0.95,1.3,1.07,0.77,0.624,0.708,0.749,0.562
"Congo, Republic","Congo, Republic",NA,NA,NA,NA,NA,NA,NA,NA,NA,NA,NA,NA,NA,NA,NA,NA,NA,NA,NA,NA,NA,4.86,4.6,3.53,4.22,4.24,4.5,4.73,4.95,4.32,4.39,3.37,3.19,3.35,NA,2.25,2.58,NA,4.37,NA,NA,NA,NA,4.29,4.08,NA,NA,NA,NA,NA,NA,NA,1.95,2.34,2.68,2.67,1.66,1.64,2.26,2.04,NA,1.78,NA,NA,2.62,5.01,NA,6.45,4.21,2.51,2.75,3.38,2.91
"Cote d'Ivoire","Cote d'Ivoire",NA,NA,NA,NA,NA,NA,NA,NA,NA,NA,NA,NA,NA,1.28,0.999,1.14,1.32,1.26,1.31,1.16,1.15,1.18,1.5,1.7,1.13,1.34,1.18,1.12,0.795,1.1,1.12,1.16,1.09,1.14,1.12,1.03,0.997,1.05,1.22,1.25,1.33,1.33,1.37,1.41,1.43,1.1,NA,0.845,0.797,NA,NA,NA,NA,NA,1.39,1.52,1.46,1.5,1.59,1.52,1.73,1.56,1.39,1.52,1.38,1.48,1.72,1.71,1.33,1.41,1.23,1.33,1.25
"Djibouti","Djibouti",NA,NA,NA,NA,NA,NA,NA,NA,NA,NA,NA,NA,NA,NA,NA,NA,NA,NA,NA,NA,NA,NA,NA,NA,NA,NA,NA,NA,NA,0.0209,0.0175,0.536,1.42,7.49,7.66,NA,NA,NA,NA,NA,NA,NA,6.65,6.76,6.16,5.76,5.79,5.08,5.47,5.65,5.48,5.07,NA,NA,NA,5.61,6.33,6.44,4.07,3.69,NA,NA,NA,NA,NA,NA,NA,NA,NA,NA,NA,NA,NA
"Equatorial Guinea","Equatorial Guinea",NA,NA,NA,NA,NA,NA,NA,NA,NA,NA,NA,NA,NA,NA,NA,NA,NA,NA,NA,NA,NA,NA,NA,NA,NA,NA,NA,NA,NA,NA,NA,NA,NA,NA,NA,NA,NA,NA,NA,NA,NA,NA,NA,NA,NA,1.99,2.05,NA,NA,NA,NA,NA,NA,NA,NA,NA,NA,NA,1.5,1.48,2.47,NA,NA,NA,NA,0.766,1.04,1.24,1.1,1.07,1.21,1.51,1.31
"Eritrea","Eritrea",NA,NA,NA,NA,NA,NA,NA,NA,NA,NA,NA,NA,NA,NA,NA,NA,NA,NA,NA,NA,NA,NA,NA,NA,NA,NA,NA,NA,NA,NA,NA,NA,NA,NA,NA,NA,NA,NA,NA,NA,NA,NA,NA,NA,21.3,12.7,19.5,20.3,11.9,32.5,34.4,32.7,22.1,20.7,20.9,NA,NA,NA,NA,NA,NA,NA,NA,NA,NA,NA,NA,NA,NA,NA,NA,NA,NA
"Ethiopia","Ethiopia",NA,NA,NA,NA,NA,NA,NA,NA,NA,NA,NA,NA,1.86,1.93,2.43,2.92,3.23,3.11,2.49,2.2,2.02,1.88,1.91,1.94,1.93,2.79,4.49,4.13,3.97,4.81,6.89,8.71,7.54,7.54,7.18,7.97,6.82,6.7,6.86,8.5,10.3,9.66,5.71,3.44,3.07,2.87,2.23,2.12,3.34,7.28,9.51,7.61,4.35,3.72,3.24,3.07,2.76,2.27,1.86,1.49,1.18,1.13,1.09,0.868,0.806,0.768,0.705,0.695,0.685,0.645,0.578,0.526,0.528
"Gabon","Gabon",NA,NA,NA,NA,NA,NA,NA,NA,NA,NA,NA,NA,NA,NA,NA,NA,NA,NA,1.11,1.02,1.37,1.43,1.44,1.55,1.3,0.68,0.781,0.668,1.03,NA,1.88,1.6,2.29,2.45,2.55,2.26,2.86,4,NA,NA,NA,NA,NA,NA,NA,NA,NA,NA,NA,NA,NA,1.8,1.79,1.78,1.67,1.61,1.25,1.28,NA,NA,NA,1.87,1.46,1.62,1.6,1.14,1.19,1.45,1.81,1.55,1.58,1.71,1.71
"Gambia, The","Gambia, The",NA,NA,NA,NA,NA,NA,NA,NA,NA,NA,NA,NA,NA,NA,NA,NA,NA,NA,NA,NA,NA,NA,NA,NA,NA,NA,NA,NA,NA,NA,NA,NA,NA,NA,0.341,0.478,0.551,0.564,0.631,0.811,0.958,0.461,0.504,0.41,0.279,0.256,0.305,0.397,0.408,0.385,0.326,0.316,0.235,0.244,0.227,0.193,0.277,0.26,0.355,1.1,0.489,NA,NA,0.79,0.754,1.19,1.01,NA,NA,0.703,0.81,0.828,0.749
"Ghana","Ghana",NA,NA,NA,NA,NA,NA,NA,NA,NA,1,1.03,1.71,2.1,2,2.02,1.92,1.73,2.23,NA,2.66,2.5,2.12,1.7,1.43,1.36,1.58,1.71,1.57,1.25,0.851,0.646,0.774,0.741,NA,0.341,0.593,1,0.901,0.893,0.438,0.431,0.277,0.369,0.377,0.422,0.427,0.466,0.394,0.405,0.472,0.472,0.627,0.374,0.368,0.429,0.39,0.367,0.371,0.509,0.398,0.455,0.381,0.592,0.804,0.533,0.679,0.527,0.382,0.402,0.42,0.442,0.446,0.492
"Guinea","Guinea",NA,NA,NA,NA,NA,NA,NA,NA,NA,NA,NA,NA,NA,NA,NA,NA,NA,NA,NA,NA,NA,NA,NA,NA,NA,NA,NA,NA,NA,NA,NA,0.902,0.794,0.639,NA,NA,NA,NA,NA,NA,NA,NA,2.38,1.69,1.34,1.36,NA,NA,1.17,1.25,1.6,1.53,3.1,3.32,2.44,2.23,NA,NA,NA,NA,NA,NA,NA,2.29,2.35,2.24,2.52,1.88,1.77,1.64,1.45,1.44,1.48
"Guinea-Bissau","Guinea-Bissau",NA,NA,NA,NA,NA,NA,NA,NA,NA,NA,NA,NA,NA,NA,NA,NA,NA,NA,NA,NA,NA,NA,NA,NA,NA,NA,NA,NA,NA,NA,NA,NA,NA,0.00869,0.0135,0.015,0.0109,0.0244,0.0581,NA,0.181,NA,NA,NA,NA,0.318,0.496,0.567,0.651,1.4,NA,2.63,1.63,1.56,1.58,NA,2.06,NA,NA,NA,1.66,2.02,1.6,2.48,2.08,2.04,1.63,1.34,1.42,1.49,1.65,1.74,1.78
"Kenya","Kenya",NA,NA,NA,NA,NA,NA,NA,NA,NA,NA,NA,NA,NA,NA,0.206,0.59,0.99,1.13,1.3,1.22,1.08,1.06,1.23,1.54,1.66,1.78,1.88,2.48,3.74,5.2,5.5,4.52,4.23,4.57,4.2,3.48,2.38,2.5,3.13,2.95,2.74,2.89,2.35,1.9,1.84,1.64,1.65,1.42,1.34,1.22,1.19,1.31,1.5,1.63,1.65,1.61,1.69,1.46,1.55,1.62,1.56,1.56,1.54,1.67,1.56,1.33,1.32,1.35,1.29,1.27,1.17,1.11,1.12
"Lesotho","Lesotho",NA,NA,NA,NA,NA,NA,NA,NA,NA,NA,NA,NA,NA,NA,NA,NA,NA,NA,NA,NA,NA,NA,NA,NA,NA,NA,NA,1.55,1.44,1.51,1.85,3.16,3.31,4.36,4.01,3.98,4.31,4.84,4.18,3.37,4.31,3.55,2.89,2.71,2.48,2.74,3.24,2.82,2.71,2.85,3.56,3.28,2.74,2.52,2.37,2.13,2.05,2.07,2.08,1.45,2.48,2.85,2.04,1.93,1.82,1.77,1.73,1.78,1.95,1.79,1.62,1.62,1.29
"Liberia","Liberia",NA,NA,NA,NA,NA,NA,NA,NA,NA,NA,NA,NA,NA,NA,NA,NA,1.18,1.15,1.17,1.1,0.993,1.1,1.19,1.1,0.969,0.934,0.952,1.07,1.15,1.24,1.15,1.49,3.11,5.02,4.71,2.94,2.95,2.9,2.29,2.41,NA,NA,7.18,10.1,19,29.7,NA,NA,NA,NA,NA,NA,NA,NA,NA,0.634,0.856,0.476,0.311,0.498,0.652,0.817,1.06,1.18,1.08,1.03,1.05,1.06,0.94,0.938,0.94,0.915,0.951
"Madagascar","Madagascar",NA,NA,NA,NA,NA,NA,NA,NA,NA,NA,NA,NA,1.5,1.54,1.46,1.46,1.59,1.54,1.55,1.55,1.51,1.35,1.32,1.49,1.52,1.67,1.64,1.88,2.31,2.42,2.93,2.77,2.98,NA,NA,1.87,1.78,1.55,1.43,1.35,1.21,1.23,1.3,0.77,1.12,0.926,0.86,1.24,1.48,1.35,1.21,1.22,1.44,1.31,1.32,1.25,1.07,0.977,1.12,1.1,0.83,0.652,0.728,0.692,0.678,0.653,0.605,0.594,0.58,0.606,0.624,0.739,0.77
"Malawi","Malawi",NA,NA,NA,NA,NA,NA,NA,NA,NA,NA,NA,NA,NA,NA,NA,NA,0.702,0.646,0.717,0.695,0.668,0.641,0.582,0.602,1.06,0.967,1.53,1.37,1.69,2.69,4.07,4.29,3.11,2.29,1.82,1.56,1.75,2.1,1.83,1.51,1.5,1.31,1.08,1.4,1.26,1.42,0.791,0.883,0.992,0.814,0.811,0.673,0.739,0.424,0.409,0.632,1.05,0.778,0.758,0.836,0.95,0.718,0.66,0.766,1.14,0.818,0.635,0.642,0.765,0.847,1.1,1.07,0.949
"Mali","Mali",NA,NA,NA,NA,NA,NA,NA,NA,NA,NA,NA,NA,2.7,2.89,2.65,2.87,2.52,2.41,2.4,1.99,2.18,2.23,1.92,2.38,2.66,2.87,3.17,2.91,3.13,3.21,2.97,2.08,1.96,2.11,1.98,1.97,2.14,2.03,2.12,2.21,2.11,1.96,NA,NA,1.56,1.44,1.5,1.43,1.5,1.4,1.49,1.48,1.3,1.27,1.42,1.42,1.38,1.39,1.36,1.46,1.42,1.37,1.24,1.2,1.16,1.52,2.36,2.59,3.03,2.81,2.71,3.33,2.82
"Mauritania","Mauritania",NA,NA,NA,NA,NA,NA,NA,NA,NA,NA,NA,NA,NA,NA,NA,NA,NA,NA,NA,NA,NA,NA,NA,NA,NA,NA,NA,NA,NA,NA,NA,NA,NA,NA,NA,NA,5.95,5.04,4.67,4.49,3.96,3.83,3.6,2.69,2.41,2.24,2.26,2.63,2.97,1.86,2.27,2.93,4,2.74,4,3.84,3.05,2.69,NA,3.06,3.14,NA,NA,2.26,2.13,2.16,2.1,2.09,2.04,2.11,1.98,2.45,2.38
"Mauritius","Mauritius",NA,NA,NA,NA,NA,NA,NA,NA,NA,NA,NA,NA,NA,NA,NA,NA,NA,NA,NA,0.156,0.181,0.219,0.224,0.203,0.189,0.14,0.192,0.187,0.173,0.173,0.205,0.489,0.467,0.262,0.269,0.252,0.22,0.198,0.194,0.22,0.29,0.346,0.367,0.354,0.33,0.333,0.333,0.293,0.234,0.203,0.208,0.201,0.195,0.196,0.187,0.166,0.168,0.161,0.143,0.156,0.168,0.149,0.152,0.143,0.191,0.154,0.146,0.18,0.171,0.162,0.153,0.163,0.17
"Mozambique","Mozambique",NA,NA,NA,NA,NA,NA,NA,NA,NA,NA,NA,NA,NA,NA,NA,NA,NA,NA,NA,NA,NA,NA,NA,NA,NA,NA,NA,NA,NA,NA,NA,3.83,4.28,4.92,6.23,7.07,5.77,5.66,6.18,5.31,5.94,5.86,2.61,2.97,2.87,3.3,1.46,1.11,1.1,1.14,1.25,1.28,1.24,1.27,1.28,1.36,0.946,0.809,0.669,0.665,0.705,0.892,0.827,0.851,0.93,0.981,0.84,0.93,0.988,1.34,1.42,2.02,1.51
"Namibia","Namibia",NA,NA,NA,NA,NA,NA,NA,NA,NA,NA,NA,NA,NA,NA,NA,NA,NA,NA,NA,NA,NA,NA,NA,NA,NA,NA,NA,NA,NA,NA,NA,NA,NA,NA,NA,NA,NA,NA,NA,NA,NA,NA,5.62,4.25,2.46,1.75,1.95,1.9,2.3,2.32,3.12,2.71,3.01,2.62,2.62,2.53,2.65,2.5,2.61,3.14,3.37,3.51,3.57,3.17,3.07,4.2,4.41,3.77,3.35,3.14,3.09,3.23,3
"Niger","Niger",NA,NA,NA,NA,NA,NA,NA,NA,NA,NA,NA,NA,NA,NA,NA,NA,NA,NA,NA,NA,NA,NA,NA,NA,NA,NA,0.871,0.822,0.937,0.928,0.839,0.671,0.632,0.633,0.685,0.728,0.744,0.77,0.635,NA,NA,NA,NA,NA,NA,1.23,0.971,0.861,0.933,1.06,1.17,1.16,1.32,0.963,0.932,1.09,0.974,NA,NA,0.993,0.982,1.17,1.31,2.14,1.38,1.77,NA,2.19,2.49,2.47,2.65,2.43,1.84
"Nigeria","Nigeria",NA,NA,NA,NA,NA,NA,NA,NA,NA,NA,NA,0.696,0.849,1.1,1.1,1.23,1.4,1.1,5.81,9.16,10.3,5.28,4.39,5.39,5.48,4.34,8.12,5.79,6.02,5.33,4.32,3.3,2.77,2.27,2.22,1.56,1.44,1.31,0.77,0.884,0.58,0.833,0.774,0.564,0.933,0.781,0.484,0.406,0.436,0.548,0.855,0.544,0.78,0.954,0.571,0.491,0.397,0.348,0.37,0.489,0.506,0.539,0.579,0.503,0.47,0.415,0.418,0.433,0.431,0.507,0.459,0.628,0.97
"Rwanda","Rwanda",NA,NA,NA,NA,NA,NA,NA,NA,NA,NA,NA,NA,NA,NA,NA,NA,NA,NA,NA,NA,NA,NA,NA,NA,1.88,1.47,1.63,1.61,2.15,1.59,1.75,1.88,2.04,2,1.9,1.6,1.59,1.8,1.68,1.59,1.75,3.73,5.51,4.29,4.54,3.44,0.608,5.33,4.17,4.38,4.45,3.54,3.4,3.05,2.45,1.97,1.74,1.73,1.45,1.39,1.4,1.29,1.16,1.09,1.08,1.13,1.25,1.28,1.26,1.25,1.24,1.45,1.55
"Senegal","Senegal",NA,NA,NA,NA,NA,NA,NA,NA,NA,NA,NA,NA,NA,NA,NA,NA,NA,NA,NA,NA,NA,NA,NA,NA,NA,NA,NA,NA,NA,NA,3.43,2.76,2.73,2.35,2.55,2.41,2.19,2.04,1.98,2.11,2.03,1.63,1.55,1.44,1.67,1.35,1.31,1.24,1.2,1.18,1.2,1.05,1.12,1.1,1.12,1.06,1.13,1.25,1.35,1.28,1.32,1.21,1.29,1.1,1.25,1.21,1.21,1.6,1.47,1.66,1.51,1.42,1.76
"Seychelles","Seychelles",NA,NA,NA,NA,NA,NA,NA,NA,NA,NA,NA,NA,NA,NA,NA,NA,NA,NA,NA,NA,NA,NA,NA,NA,NA,NA,NA,NA,NA,NA,NA,NA,NA,NA,NA,NA,4.29,4.67,4.54,4.28,4.28,4.03,4.42,4.73,2.76,2.44,2.28,2.1,2.02,1.73,1.78,1.68,1.78,1.68,1.73,1.9,1.6,1.41,1.47,1.15,1.02,0.738,0.856,0.937,1.04,2.3,1.31,1.54,1.48,1.38,1.34,1.58,1.47
"Sierra Leone","Sierra Leone",NA,NA,NA,NA,NA,NA,NA,NA,NA,NA,NA,NA,0.727,0.714,0.763,0.781,0.723,0.693,0.797,0.805,0.873,0.935,0.899,0.953,1.04,1.21,1.03,1.09,1.09,1,1.11,1.45,1.42,1.09,1.03,0.912,0.733,1.47,0.695,0.854,1.54,1.31,2.04,2.69,2.08,1.99,1.97,1.35,0.765,1.02,1.74,2.51,2.74,2.16,2.05,1.58,1.43,1.49,1.35,0.944,1.08,0.972,0.866,0.783,0.644,0.973,0.923,1.12,1.09,0.752,0.672,0.547,0.609
"Somalia","Somalia",NA,NA,NA,NA,NA,NA,NA,NA,NA,NA,NA,NA,0.231,0.254,0.29,0.33,0.297,0.354,0.388,0.407,0.42,0.496,0.483,0.454,0.505,0.727,0.516,0.518,0.461,0.995,0.975,0.55,0.608,0.288,0.239,0.143,0.0507,28.9,17,17.4,1.53,NA,NA,NA,NA,NA,NA,NA,NA,NA,NA,NA,NA,NA,NA,NA,NA,NA,NA,NA,NA,NA,NA,NA,NA,NA,NA,NA,NA,NA,NA,NA,NA
"South Africa","South Africa",NA,NA,1.62,1.74,1.35,1.2,1.22,1.29,1.3,0.981,0.881,0.951,1.47,2.25,2.06,2.7,2.63,2.7,2.79,2.76,2.61,2.33,2.46,2.37,2.65,3.09,3.87,4.73,5.26,4.56,3.86,3.3,3.64,3.61,3.6,3.7,3.7,3.82,4.19,4.62,4.36,3.9,3.22,2.82,2.5,2.56,2.12,1.76,1.58,1.38,1.27,1.39,1.48,1.53,1.47,1.36,1.38,1.29,1.18,1.15,1.21,1.12,1.1,1.13,1.12,1.11,1.1,1.07,1.03,0.985,0.978,1.1,0.897
"South Sudan","South Sudan",NA,NA,NA,NA,NA,NA,NA,NA,NA,NA,NA,NA,NA,NA,NA,NA,NA,NA,NA,NA,NA,NA,NA,NA,NA,NA,NA,NA,NA,NA,NA,NA,NA,NA,NA,NA,NA,NA,NA,NA,NA,NA,NA,NA,NA,NA,NA,NA,NA,NA,NA,NA,NA,NA,NA,NA,NA,NA,NA,5.76,4.97,4.14,6.09,8.77,6.57,8.62,10.6,4.6,2.35,3.65,3.56,2.63,2.37
"Sudan","Sudan",NA,NA,NA,NA,NA,NA,NA,1.12,1.64,1.52,1.71,1.92,1.84,2.06,2.15,3.14,4.12,3.53,3.65,3.75,5.2,4.95,4.6,4.19,3.16,2.57,2.25,2.67,2.62,2.04,2.59,2.3,1.78,2.44,3.27,4.08,3.4,3.23,2.55,3.55,NA,NA,NA,NA,NA,NA,NA,NA,0.954,2.38,4.01,4.79,2.94,3.27,2.26,5.78,4.39,4.6,5.29,4.98,5.45,NA,NA,NA,NA,NA,2.66,2.65,3.51,1.78,1.64,1.13,1.02
"Eswatini","Eswatini",NA,NA,NA,NA,NA,NA,NA,NA,NA,NA,NA,NA,NA,NA,NA,NA,NA,NA,NA,NA,NA,NA,NA,NA,NA,NA,NA,NA,1.78,2.43,2.46,2.42,2.17,2.2,2.26,2.03,1.84,1.63,1.43,1.26,1.25,1.28,1.38,1.63,1.75,1.82,1.69,1.65,1.49,1.65,1.68,1.44,1.29,1.3,1.47,1.54,1.9,1.81,1.78,2.02,2.12,2.3,2.21,1.85,1.87,1.84,1.81,2.1,1.96,2.04,1.89,1.84,1.7
"Tanzania","Tanzania",NA,NA,NA,NA,NA,NA,NA,NA,NA,NA,NA,NA,NA,NA,NA,NA,NA,NA,1.42,1.47,1.73,2.3,3.1,3.43,4.17,5.36,5.36,4.69,5.48,10.1,8.5,4.52,5.58,5.5,5.41,5.25,5.39,5.74,3.15,2.45,2.38,2.05,2.18,2.11,1.38,1.29,1.63,1.56,1.54,1.6,1.49,1.49,1.45,1.3,1.07,0.995,0.824,0.792,0.762,0.698,0.757,0.896,0.903,0.914,0.972,1.02,1.09,1.09,1.06,1.06,1.02,1.03,1.07
"Togo","Togo",NA,NA,NA,NA,NA,NA,NA,NA,NA,NA,NA,NA,0.266,0.547,0.84,2.16,1.9,1.34,1.34,1.36,1.28,1.37,1.41,1.48,1.69,1.49,1.86,2.5,3.07,2.71,2.25,2.19,2.37,2.26,2.1,2.19,2.51,2.85,3.5,3.12,3.09,3.12,2.86,2.93,4.03,2.58,1.86,NA,NA,NA,NA,NA,NA,NA,1.37,1.41,1.46,NA,NA,1.72,1.64,1.66,1.53,1.62,1.68,1.82,1.67,1.84,1.87,1.96,3.15,2.84,1.78
"Uganda","Uganda",NA,NA,NA,NA,NA,NA,NA,NA,NA,NA,NA,NA,NA,0.113,0.369,0.651,1.13,1.44,1.62,1.79,1.82,1.97,3.47,4.06,3.5,3.62,2.82,3.19,2.04,1.97,1.69,2.22,1.89,1.98,2.22,2.63,2.66,2.91,2.59,2.46,2.73,2.97,2.51,1.66,1.93,2.02,2.1,2.21,2.12,2.44,2.66,1.76,1.68,1.63,1.69,1.77,1.68,1.5,1.39,1.35,1.18,2.25,2.29,1.23,0.993,0.979,1.04,1.05,1.1,1.23,1.77,2.6,2.42
"Zambia","Zambia",NA,NA,NA,NA,NA,NA,NA,NA,NA,NA,NA,NA,NA,NA,NA,NA,NA,NA,NA,NA,NA,NA,NA,NA,NA,NA,NA,NA,NA,NA,NA,NA,NA,NA,NA,3,2.36,3.66,3.22,2.39,4.2,3.41,2.34,2.71,1.43,1.72,1.45,1.05,1.01,NA,1.65,NA,NA,NA,NA,1.58,1.67,1.61,1.65,1.55,1.44,1.38,1.32,1.36,1.36,1.63,1.75,1.43,1.31,1.41,1.22,1.15,1.3
"Zimbabwe","Zimbabwe",NA,NA,NA,NA,NA,NA,NA,NA,NA,NA,NA,NA,NA,NA,NA,NA,1.19,1.32,1.36,2.07,2.42,2.44,2.29,2.18,2.63,2.98,3.4,4.63,6.54,7.99,8.52,6.63,4.86,5.12,5.56,5.68,5.49,5.5,5.82,5.21,4.93,4.74,4.6,4.39,3.81,3.6,3.18,2.88,3,NA,2.24,3.05,2.55,6.31,2.03,2.71,1.45,1.99,NA,NA,NA,0.816,1.41,1.86,1.87,1.89,1.89,1.72,0.388,0.309,0.535,0.0054,0.0135
"Belize","Belize",NA,NA,NA,NA,NA,NA,NA,NA,NA,NA,NA,NA,NA,NA,NA,NA,NA,NA,NA,NA,NA,NA,NA,NA,NA,NA,NA,NA,NA,NA,NA,NA,1.16,1.44,1.53,1.54,1.56,NA,NA,NA,1.2,1.18,1.09,1.02,1.1,1.36,1.3,1.24,1.44,NA,NA,0.855,0.855,0.84,0.864,0.897,0.961,1.01,1.07,1.37,1.31,1.11,1.06,0.999,1.13,1.2,1.14,1.22,1.26,1.25,1.33,1.72,1.25
"Costa Rica","Costa Rica",NA,NA,NA,NA,NA,NA,NA,NA,NA,NA,NA,NA,NA,NA,NA,NA,NA,NA,NA,NA,NA,NA,NA,NA,NA,NA,NA,NA,NA,NA,NA,NA,NA,NA,NA,NA,NA,NA,NA,NA,NA,NA,NA,NA,NA,NA,NA,NA,NA,NA,NA,NA,NA,NA,NA,NA,NA,NA,NA,NA,NA,NA,NA,NA,NA,NA,NA,NA,NA,NA,NA,NA,NA
"Cuba","Cuba",NA,NA,NA,NA,NA,NA,NA,NA,NA,NA,NA,NA,NA,NA,NA,NA,NA,NA,NA,NA,NA,NA,NA,NA,NA,NA,NA,NA,NA,NA,NA,NA,NA,NA,NA,NA,NA,NA,NA,NA,NA,NA,NA,NA,NA,NA,NA,NA,NA,NA,NA,NA,NA,NA,NA,NA,NA,NA,NA,NA,3.38,3.33,3.08,3.94,3.51,3.54,3.08,3.07,2.87,2.88,NA,NA,NA
"Dominican Republic","Dominican Republic",NA,NA,NA,NA,NA,NA,NA,NA,NA,5.31,NA,5.23,5.23,4.32,3.87,3.78,4.21,3.46,3.19,3.25,2.65,2.42,2.2,1.99,1.79,1.97,1.83,1.93,1.89,2.18,2.18,1.58,1.72,1.58,1.37,1.2,1.21,1.34,1.02,0.88,0.8,0.676,0.348,0.559,0.755,0.734,0.549,0.634,0.797,0.78,0.816,1.03,1.21,1.06,0.764,0.688,0.767,0.683,0.628,0.7,0.667,0.668,0.603,0.653,0.612,0.651,0.644,0.634,0.666,0.694,0.69,0.75,0.651
"El Salvador","El Salvador",NA,NA,NA,NA,NA,NA,NA,NA,NA,NA,NA,NA,NA,NA,NA,NA,0.739,0.709,0.694,0.656,0.715,0.63,0.718,0.882,0.865,0.801,0.831,0.882,0.972,1.12,1.58,1.74,2.28,2.78,3.55,6.44,6.59,4.33,4.47,4.27,4.87,3.41,2.73,2.25,1.68,1.35,1.18,1.07,1.01,0.923,0.921,0.84,1.09,1.13,0.841,0.81,0.904,0.888,0.973,0.962,1.08,1.09,1.09,1.05,1.08,1.04,1.06,1.02,1.04,1.13,1.17,1.39,1.37
"Guatemala","Guatemala",NA,NA,NA,NA,NA,NA,1.31,1.27,1.3,1.24,1.27,1.16,1.12,1.05,1.17,1,1.4,1.37,1.46,1.27,1.03,1.7,1.12,1.14,0.911,0.898,1.23,1.27,1.37,1.18,1.31,1.32,1.89,2.03,2.04,2.19,2.01,1.67,1.75,1.87,1.8,1.73,1.27,1.47,1.27,1.18,1.08,0.896,0.743,0.721,0.676,0.918,1.05,0.762,0.816,0.479,0.384,0.432,0.398,0.468,0.395,0.441,0.46,0.476,0.502,0.456,0.432,0.465,0.403,0.391,0.466,0.483,0.445
"Haiti","Haiti",NA,NA,NA,NA,NA,NA,NA,NA,NA,NA,NA,NA,NA,NA,NA,NA,NA,NA,NA,NA,NA,NA,NA,NA,NA,NA,NA,NA,NA,NA,NA,NA,NA,NA,NA,NA,NA,NA,NA,0.0886,0.0891,0.102,0.112,0.114,0.106,0.0778,0.106,NA,NA,NA,NA,NA,NA,NA,NA,NA,NA,NA,NA,NA,NA,NA,NA,NA,0.0615,0.062,0.0888,0.0846,0.0881,0.15,0.139,0.289,0.189
"Honduras","Honduras",NA,NA,0.961,0.914,0.963,0.996,1.1,1.12,1.65,1.72,1.51,1.17,1.08,0.988,0.932,1.28,1.23,1.18,1.14,1.09,1.07,1.37,1.47,1.84,1.68,1.6,1.9,1.76,1.9,2.27,2.24,2.22,2.15,2.31,2.27,2.44,2.58,2.77,2.95,2.85,2.67,2.2,1.54,NA,1.16,NA,NA,NA,NA,NA,NA,0.73,0.823,0.809,0.998,0.683,0.641,0.692,0.776,0.954,1.07,1.07,1.13,1.15,1.6,1.55,1.67,1.66,1.72,1.61,1.62,1.44,1.61
"Jamaica","Jamaica",NA,NA,NA,NA,NA,NA,NA,NA,NA,NA,NA,NA,NA,NA,NA,NA,NA,NA,NA,NA,NA,NA,NA,NA,NA,NA,NA,0.925,0.941,NA,NA,NA,1.51,1.63,1.39,1.06,0.891,0.854,0.77,0.808,0.929,0.841,0.759,1.11,0.822,0.63,0.539,0.568,0.655,0.545,0.511,0.486,0.504,0.585,0.582,0.536,0.528,0.609,0.652,0.953,0.947,0.874,0.925,0.93,0.899,0.873,0.872,0.955,0.972,1.35,1.69,1.68,1.41
"Mexico","Mexico",0.878,0.864,0.764,0.722,0.812,0.875,0.787,0.739,0.734,0.687,0.645,0.674,0.652,0.69,0.719,0.678,0.591,0.576,0.545,0.549,0.6,0.497,0.488,0.537,0.544,0.566,0.574,0.598,0.534,0.505,0.505,0.416,0.513,0.495,0.523,0.66,0.676,0.635,0.58,0.536,0.517,0.433,0.435,0.469,0.443,0.519,0.451,0.476,0.458,0.45,0.461,0.446,0.443,0.422,0.406,0.365,0.356,0.311,0.401,0.391,0.502,0.453,0.466,0.476,0.508,0.514,0.467,0.495,0.437,0.477,0.523,0.749,0.68
"Nicaragua","Nicaragua",NA,NA,NA,NA,NA,NA,NA,NA,NA,NA,NA,NA,NA,NA,NA,NA,NA,NA,NA,1.46,1.38,1.58,1.51,1.87,1.42,1.45,1.75,2.07,2.47,3.22,3.1,3.35,4.34,NA,NA,NA,NA,NA,NA,NA,NA,NA,4,2.63,2.1,1.19,1.1,0.95,0.895,0.735,0.719,0.783,0.684,0.865,0.861,0.731,0.7,0.551,0.532,0.502,0.503,0.505,0.526,0.666,0.679,0.685,0.776,0.64,0.624,0.623,0.607,0.665,0.604
"Panama","Panama",NA,NA,NA,NA,NA,NA,NA,NA,NA,NA,NA,NA,NA,NA,NA,NA,NA,NA,NA,NA,NA,NA,NA,NA,NA,NA,NA,NA,NA,NA,NA,NA,NA,NA,NA,NA,NA,NA,1.84,2.11,2.08,1.26,1.23,1.08,1.2,1.19,1.12,1.09,1.17,0.951,0.974,NA,NA,NA,NA,NA,NA,NA,NA,NA,NA,NA,NA,NA,NA,NA,NA,NA,NA,NA,NA,NA,NA
"Trinidad and Tobago","Trinidad and Tobago",NA,NA,NA,NA,NA,NA,NA,NA,NA,NA,NA,NA,NA,NA,NA,NA,NA,NA,NA,0.67,0.675,0.754,0.961,0.842,0.683,0.42,0.438,0.504,0.49,0.514,0.591,0.592,0.513,NA,NA,NA,NA,NA,NA,NA,NA,NA,NA,NA,0.495,0.489,NA,NA,NA,NA,NA,NA,0.156,0.213,0.294,0.563,0.605,0.621,0.569,0.493,0.71,0.635,0.566,0.662,0.786,0.695,0.833,0.954,0.885,0.688,0.708,0.745,0.888
"Canada","Canada",NA,2.43,4.66,6.8,7.37,6.86,6.18,5.69,5.35,4.94,4.4,4.19,4.13,4,3.62,3.4,2.93,2.68,2.75,2.54,2.27,2.19,2.13,2.01,1.83,1.78,1.86,1.77,1.81,1.85,1.71,1.76,1.71,1.95,2.08,2.12,2.1,2.11,2.06,1.99,1.93,1.96,1.9,1.86,1.82,1.7,1.55,1.4,1.25,1.26,1.24,1.12,1.14,1.12,1.12,1.11,1.11,1.13,1.19,1.25,1.38,1.19,1.19,1.12,1,0.99,1.15,1.16,1.35,1.32,1.29,1.42,1.32
"United States of America","United States of America",5.27,5.08,10.2,13.9,13.6,11.7,10.2,9.9,9.99,10.1,9.44,8.99,9.16,9.33,8.83,8.05,7.59,8.44,9.42,9.27,8.63,8.03,6.94,6.52,5.89,5.95,5.62,5.19,5.16,4.94,4.95,5.15,5.65,6.81,6.32,6.24,6.45,6.63,6.42,6.07,5.87,5.61,4.88,4.97,4.6,4.22,3.86,3.55,3.41,3.2,3.09,3.11,3.12,3.45,3.83,4.02,4.09,4.04,4.08,4.46,4.89,4.92,4.84,4.48,4.05,3.7,3.48,3.41,3.31,3.31,3.43,3.72,3.48
"Argentina","Argentina",NA,2.91,NA,NA,NA,NA,NA,NA,NA,NA,0.813,1.55,2.14,2.66,1.68,1.15,1.07,1.17,1.4,1.69,1.94,1.88,1.81,1.82,1.85,1.66,2.04,3.78,4.01,4.72,4.67,3.1,3.47,2.7,2.74,2.16,2.3,2.31,2.28,2.12,1.88,1.45,1.51,1.42,1.42,1.46,1.47,1.24,1.14,1.14,1.22,1.15,1.18,1.09,1.06,0.883,0.847,0.788,0.793,0.763,0.887,0.815,0.764,0.785,0.838,0.878,0.85,0.813,0.856,0.745,0.706,0.727,0.565
"Bolivia","Bolivia",NA,NA,NA,NA,0.528,NA,0.317,0.356,0.819,NA,NA,NA,1.2,1.16,1.33,NA,NA,NA,NA,1.35,1.32,1.61,1.39,1.6,1.62,1.84,2.37,2.37,2.25,2.6,2.71,3.17,3.9,1.98,1.5,2.17,2.01,2.35,2.38,2.02,2.16,2.82,2.69,2.51,1.92,2.25,2.1,1.99,2.27,2.69,2.13,2.06,2.32,1.99,2.15,1.9,1.72,1.47,1.49,1.96,1.76,1.71,1.68,1.85,1.84,1.9,1.76,1.53,1.54,1.5,1.45,1.32,1.54
"Brazil","Brazil",NA,NA,NA,NA,3.6,NA,NA,NA,4.4,4.07,2.96,2.68,2.36,2.4,2.26,2.01,3.35,3.02,2.86,2.65,2.62,2.89,2.62,2.44,2.15,1.94,1.97,2,1.69,1.6,1.52,1.14,1.14,1.3,1.25,1.2,1.43,1.22,1.74,2.12,2.69,2.36,1.96,1.52,1.93,2.02,1.86,1.65,1.58,1.66,1.65,1.73,1.95,1.9,1.5,1.46,1.52,1.48,1.47,1.44,1.54,1.54,1.41,1.38,1.33,1.33,1.37,1.35,1.41,1.47,1.38,1.36,1.19
"Chile","Chile",NA,2.64,3.07,2.57,2.78,1.69,2.3,2.3,3.05,2.7,2.15,3.12,3.53,3.04,2.87,2.64,2.89,2.74,2.71,2.53,2.26,4.45,6.26,6.63,6.28,7.11,6.74,6.09,6.92,6.73,6.33,6.48,7.02,8.88,7.58,7.61,6.9,6.29,5.64,4.14,3.59,3.4,2.85,2.63,2.71,2.6,2.56,2.45,2.5,2.59,2.71,2.7,2.67,2.55,2.73,2.71,2.52,2.49,2.32,2.58,2.26,2.24,2.25,2.05,1.99,1.96,1.9,1.92,1.94,1.86,1.86,2.09,1.96
"Colombia","Colombia",NA,NA,NA,NA,NA,NA,NA,NA,NA,2.35,1.83,1.88,2.14,3.1,3.52,3.18,3.19,3.17,3.12,2.39,2.05,2.26,3.37,1.97,1.69,1.58,1.74,1.49,1.44,1.55,1.67,1.83,1.76,1.71,2.22,2.33,2.05,1.94,1.98,2.2,2.19,1.86,1.85,2.11,2.53,2.51,2.83,4.45,2.8,3.44,3.76,3.03,3.32,3.42,3.46,3.47,3.35,3.28,3.27,3.74,3.89,3.64,3.08,3.16,3.27,3.11,3.11,3.07,3.21,3.06,3.14,3.5,3.4
"Ecuador","Ecuador",NA,NA,NA,NA,1.94,NA,NA,NA,2.41,2.28,1.9,2.38,2.05,2.05,1.77,1.91,2.07,1.82,1.8,1.92,2.37,1.83,1.85,1.99,1.98,2.02,2.37,2.2,3.08,2.14,1.99,1.78,1.68,1.65,1.57,1.49,1.78,1.84,1.97,1.98,1.92,1.89,1.78,1.67,1.82,1.56,2.34,1.95,2.1,2.36,1.75,1.45,1.57,1.77,2.28,1.94,2.3,2.03,2.57,2.67,3.12,3.01,3.1,2.95,2.88,2.74,2.62,2.51,2.36,2.35,2.18,2.53,2.46
"Guyana","Guyana",NA,NA,NA,NA,NA,NA,NA,NA,NA,NA,NA,NA,NA,NA,NA,NA,NA,NA,NA,NA,NA,NA,NA,NA,1.65,2.85,6.96,8.35,6.07,3.89,3.72,3.7,3.94,5.13,4.52,4.67,8.44,5.36,3.09,2.66,1.58,0.906,0.583,0.97,0.951,1.01,0.916,0.788,NA,NA,NA,1.77,2.02,2.29,2.2,2.81,1.41,1.31,1.43,1.59,1.53,1.38,1.26,1.17,1.18,1.28,1.45,1.48,1.65,1.59,1.6,1.39,0.957
"Paraguay","Paraguay",NA,NA,NA,NA,NA,NA,NA,NA,NA,NA,NA,2.53,2.28,2.3,2.4,2.4,2.63,2.92,3.03,3.21,3.16,3.32,3.23,3.85,3.42,2.56,3.13,2.99,2.89,2.96,2.03,2.18,2.53,3.8,3.65,3.51,3.76,3.8,2.77,3.2,2.43,2.13,2.83,2.37,2.18,2.05,2.28,2.06,1.69,1.54,1.39,1.24,1.07,0.971,0.826,0.878,0.721,0.793,0.741,0.684,0.754,0.751,0.846,0.964,0.962,0.989,1.07,0.951,0.893,0.961,0.974,1.02,0.974
"Peru","Peru",2.9,2.83,2.92,2.66,2.78,2.69,2.77,2.98,2.92,2.9,2.8,2.51,2.64,2.43,3.32,3.34,3.1,2.84,4.7,2.36,2.39,3.51,3.62,3.63,3.93,3.93,5.22,5.68,8.21,6.2,3.35,4.56,3.98,5.11,4.85,3.36,3.87,3.35,3.41,2.19,2.19,2.68,2.02,2.51,2.75,2.47,2.64,2.5,2,2.02,1.93,1.79,1.75,1.54,1.51,1.38,1.6,1.47,1.3,1.23,1.52,1.46,1.38,1.48,1.64,1.59,1.73,1.3,1.25,1.17,1.19,1.35,1.12
"Uruguay","Uruguay",NA,NA,NA,NA,NA,NA,NA,NA,NA,NA,NA,NA,NA,NA,NA,NA,NA,NA,NA,NA,NA,NA,NA,2.2,3.76,4.53,4.29,3.48,3.75,3.62,3.8,4.7,6.26,6.45,5.38,4.58,4.3,4.12,3.04,3.16,3.53,3.53,2.39,2.85,2.79,2.58,2.71,2.81,2.4,2.26,2.39,2.44,2.5,2.53,2.24,2.04,2,2.01,1.78,1.87,1.82,1.88,1.72,1.8,1.82,1.81,1.82,1.87,1.96,2.13,2.06,2.18,2.26
"Venezuela","Venezuela",NA,NA,NA,NA,NA,NA,2.58,2.75,3.22,3.43,2.96,3.06,1.42,2.31,2.55,2.45,2.64,2.66,2.86,2.68,2.5,2.29,2.7,2.83,2.47,2.31,2.59,1.89,2.07,2.11,1.92,1.7,1.52,2.25,2.97,2.29,1.37,1.65,1.63,1.82,2.79,1.52,1.84,1.64,2.15,1.59,1.55,1.04,1.8,1.59,1.44,1.53,1.56,1.15,1.18,1.29,1.83,1.98,1.89,1.79,1.23,1.01,1.13,1.34,1.67,1.16,0.941,0.454,2.23,0.151,0.179,NA,NA
"Australia","Australia",NA,2.88,3.74,5.18,4.8,3.97,3.86,3.67,3.32,3.25,3.1,2.37,2.42,2.36,2.45,2.65,2.95,3.45,3.79,3.84,3.39,2.97,2.76,2.69,2.38,2.26,2.27,2.22,2.25,2.22,2.19,2.25,2.3,2.39,2.52,2.51,2.52,2.54,2.37,2.16,2.05,2.08,2.17,2.17,2.18,2.12,2.02,1.93,1.87,1.87,1.89,1.83,1.87,1.87,1.85,1.83,1.8,1.82,1.82,1.8,1.93,1.86,1.76,1.67,1.64,1.77,1.95,2.08,2,1.89,1.87,2.01,1.98
"Fiji","Fiji",NA,NA,NA,NA,NA,NA,NA,NA,NA,NA,NA,NA,NA,NA,NA,NA,NA,NA,NA,NA,NA,0.188,0.217,0.249,0.219,0.242,0.3,0.396,0.508,0.873,0.939,0.862,0.919,1.15,1.24,1.22,1.13,1.04,1.97,2.05,2.27,2.11,2.17,1.84,1.81,1.7,1.63,1.42,1.36,1.26,1.13,1.76,1.82,1.55,1.49,1.58,1.32,1.61,2.05,1.4,1.65,1.48,1.49,1.38,1.28,1.54,0.91,1.1,1.4,1.47,1.46,1.72,1.65
"New Zealand","New Zealand",NA,NA,NA,NA,NA,NA,NA,3.11,2.86,2.83,2.82,2.69,2.49,2.31,2.2,2.47,2.36,2.64,2.62,2.73,2.57,2.63,2.32,2.18,1.97,2.07,2.08,1.94,2.12,2.21,2.16,3.02,2.73,2.58,2.44,2.38,2.36,2.37,2.41,2.08,2.15,2.33,2.26,2.07,1.9,1.83,1.82,1.78,1.7,1.7,1.62,1.67,1.58,1.45,1.44,1.34,1.28,1.39,1.27,1.25,1.35,1.33,1.25,1.2,1.14,1.14,1.11,1.13,1.14,1.21,1.39,1.45,1.37
"Papua New Guinea","Papua New Guinea",NA,NA,NA,NA,NA,NA,NA,NA,NA,NA,NA,NA,NA,NA,NA,NA,NA,NA,NA,NA,NA,NA,NA,NA,NA,NA,0.604,1.63,1.25,1.27,1.21,1.4,1.41,NA,NA,NA,1.56,1.56,1.61,1.27,1.5,1.42,0.925,0.89,0.917,1.01,0.776,1.02,1.08,0.879,0.691,0.639,0.547,0.372,0.346,0.389,0.417,0.377,0.412,0.337,0.448,0.325,0.357,0.519,0.494,0.487,0.484,0.418,0.403,0.376,0.411,0.417,0.375
"Afghanistan","Afghanistan",NA,NA,NA,NA,NA,NA,NA,NA,NA,NA,NA,NA,NA,NA,NA,NA,NA,NA,NA,NA,NA,1.63,NA,NA,1.87,1.61,1.72,2.05,2.01,NA,NA,NA,NA,NA,NA,NA,NA,NA,NA,NA,NA,NA,NA,NA,NA,NA,NA,NA,NA,NA,NA,NA,NA,NA,NA,2.43,1.99,1.9,2.57,2.34,2.09,1.95,1.82,1.18,1.08,1.3,0.995,0.957,0.945,1.01,1.12,1.36,NA
"Bangladesh","Bangladesh",NA,NA,NA,NA,NA,NA,NA,NA,NA,NA,NA,NA,NA,NA,NA,NA,NA,NA,NA,NA,NA,NA,NA,NA,0.657,0.604,0.845,1.52,1.57,1.27,0.934,0.857,0.916,1.06,1.27,1.18,1.05,1.11,1.17,1.25,1.29,1.22,1.21,1.36,1.43,1.53,1.57,1.54,1.57,1.57,1.58,1.36,1.29,1.19,1.14,1.12,1.09,1.11,1.11,1.06,1.16,1.32,1.36,1.32,1.26,1.28,1.35,1.37,1.24,1.26,1.35,1.3,1.27
"India","India",NA,NA,NA,NA,NA,NA,NA,2.02,2.48,1.92,2.14,2,2.07,2.75,4.03,3.82,3.87,3.57,3.22,3.25,3.14,3.19,3.65,3.72,3.16,3.2,3.53,3.48,3.16,3.13,3.26,3.13,3.19,3.35,3.32,3.42,3.57,4.11,4.23,3.73,3.53,3.15,2.91,2.7,2.82,2.66,2.58,2.47,2.65,2.73,2.96,2.95,2.92,2.83,2.68,2.83,2.75,2.53,2.48,2.63,3.13,2.89,2.7,2.62,2.55,2.54,2.46,2.54,2.53,2.43,2.52,2.88,2.66
"Nepal","Nepal",NA,NA,NA,NA,NA,NA,NA,NA,NA,NA,NA,NA,NA,NA,NA,NA,NA,NA,NA,NA,NA,0.593,0.618,0.648,0.658,0.607,0.682,0.856,0.892,0.858,0.911,1.03,0.992,1.09,1.25,1.22,1.2,1.18,1.16,1.08,1.11,1.08,1.1,1.07,1.05,0.973,0.941,0.901,0.881,0.927,0.947,0.962,1.1,1.45,1.59,1.79,1.93,1.75,1.55,1.6,1.65,1.56,1.54,1.43,1.54,1.63,1.56,1.7,1.71,1.54,1.38,1.4,1.34
"Pakistan","Pakistan",NA,NA,NA,NA,6.32,5.35,5.57,5.03,4.17,4.25,4.34,4.31,4.1,3.66,3.65,3.87,5.9,6.73,5.4,5.1,5.51,6.16,6.74,6.87,6.21,6.09,6.32,5.89,5.55,5.5,5.45,5.52,5.71,6.38,6.64,6.66,6.92,6.99,6.97,6.79,6.53,6.52,6.57,6.7,6.43,5.92,5.82,6.04,5.62,5.42,5.19,4.17,3.88,4.07,4.09,3.96,3.9,3.65,3.51,3.46,3.27,3.42,3.29,3.48,3.47,3.48,3.55,3.59,3.77,4.13,4.11,4.03,3.83
"Sri Lanka","Sri Lanka",NA,NA,0.245,0.338,0.449,0.671,0.545,0.677,0.912,1.24,1.23,1.18,1.18,1.08,0.898,0.852,0.853,0.873,0.845,0.795,0.807,0.917,1.36,NA,0.875,0.795,0.804,0.659,0.684,0.803,0.834,0.766,0.627,0.545,0.889,0.922,3.16,2.7,3.39,2.37,1.8,2.33,3.08,3.37,3.43,3.73,5.86,5.52,4.63,4.64,4.03,5.03,4.29,3.34,2.87,3,2.64,2.8,3.26,3.24,3.16,2.7,2.68,2.16,2.15,2.41,2.55,2.11,2.12,1.84,1.85,1.88,1.88
"China","China",NA,NA,NA,NA,NA,NA,NA,NA,NA,NA,NA,NA,NA,NA,NA,NA,NA,NA,NA,NA,NA,NA,NA,NA,NA,NA,NA,NA,NA,NA,NA,NA,NA,NA,NA,NA,NA,NA,NA,NA,2.45,2.45,2.31,2.45,1.93,1.69,1.69,1.65,1.63,1.66,1.87,1.83,1.98,2.05,1.98,1.93,1.85,1.85,1.74,1.71,1.89,1.74,1.67,1.69,1.7,1.73,1.75,1.77,1.75,1.74,1.73,1.8,1.74
"Japan","Japan",NA,NA,NA,2.07,2.03,2.19,2.1,1.75,1.5,1.43,1.26,1.08,0.917,0.883,0.903,0.875,0.9,0.879,0.836,0.794,0.773,0.773,0.824,0.842,0.815,0.862,0.907,0.892,0.891,0.891,0.907,0.907,0.917,0.926,0.952,0.958,0.959,0.963,0.966,0.95,0.941,0.942,0.941,0.948,0.951,0.923,0.917,0.911,0.92,0.939,0.945,0.931,0.947,0.956,0.956,0.942,0.932,0.917,0.898,0.92,0.984,0.959,0.987,0.967,0.951,0.967,0.959,0.93,0.913,0.963,0.993,1.03,1.07
"North Korea","North Korea",NA,NA,NA,NA,NA,NA,NA,NA,NA,NA,NA,NA,NA,NA,NA,NA,NA,NA,NA,NA,NA,NA,NA,NA,NA,NA,NA,NA,NA,NA,NA,NA,NA,NA,NA,NA,NA,NA,NA,NA,NA,NA,NA,NA,NA,NA,NA,NA,NA,NA,NA,NA,NA,NA,NA,NA,NA,NA,NA,NA,NA,NA,NA,NA,NA,NA,NA,NA,NA,NA,NA,NA,NA
"South Korea","South Korea",NA,NA,NA,NA,2.36,5.85,6.24,8.33,6.8,7.43,7.64,7.16,6.73,6.87,4.82,4.13,4.41,4.69,4.69,4.73,4.69,4.4,4.73,5.01,4.03,4.54,4.88,5.91,6.03,6.37,5.53,6.4,6.42,6.24,5.73,5.25,5.23,4.95,4.47,4.28,4.29,4,3.71,3.69,3.42,3.19,2.89,2.74,2.66,2.79,2.49,2.46,2.43,2.32,2.33,2.33,2.47,2.49,2.47,2.49,2.6,2.46,2.47,2.5,2.5,2.53,2.49,2.46,2.42,2.5,2.66,2.78,2.78
"Mongolia","Mongolia",NA,NA,NA,NA,NA,NA,NA,NA,NA,NA,NA,NA,NA,NA,NA,NA,NA,NA,NA,NA,NA,NA,NA,NA,NA,NA,NA,NA,NA,NA,NA,NA,NA,NA,NA,NA,NA,NA,5.83,6.34,6.25,4.28,3.23,1.91,1.71,1.65,1.62,1.78,1.64,1.91,1.84,2.02,1.78,1.8,1.51,1.38,1.02,0.962,1.05,0.823,0.63,0.763,0.837,0.924,0.822,0.86,0.866,0.863,0.765,0.731,0.708,0.765,0.655
"Taiwan","Taiwan",NA,NA,NA,NA,NA,NA,NA,NA,NA,NA,NA,NA,NA,NA,NA,NA,NA,NA,NA,NA,NA,NA,NA,NA,NA,NA,NA,6.24,6.92,7.02,7.58,7.29,6.65,6.99,6.34,5.73,6.09,5.44,4.93,5.14,5.28,5.22,4.97,4.69,4.96,4.66,4.11,4.02,3.72,3.29,2.88,2.6,2.66,2.44,2.35,2.25,2.13,1.97,2,2.15,2.33,2.04,2.06,2.12,1.94,1.85,1.87,1.82,1.82,1.74,1.82,1.88,1.74
"Brunei","Brunei",NA,NA,NA,NA,NA,NA,NA,NA,NA,NA,NA,NA,NA,NA,NA,NA,NA,NA,NA,NA,NA,NA,NA,NA,NA,NA,NA,NA,NA,NA,NA,NA,NA,NA,NA,2.57,2.89,4.67,3.79,6.63,6.21,6.44,6.4,6.25,5.74,5.98,5.48,6.25,7.18,7.53,6.13,4.07,3.89,3.87,3.71,2.53,2.35,2.3,2.38,2.26,2.94,2.85,2.24,2.16,2.28,3.09,3.28,3.54,2.87,2.64,3.08,4.08,3.26
"Cambodia","Cambodia",NA,NA,NA,NA,NA,NA,NA,NA,NA,NA,NA,NA,NA,NA,NA,NA,NA,NA,NA,NA,NA,NA,NA,NA,NA,NA,NA,NA,NA,NA,NA,NA,NA,NA,NA,NA,NA,1.15,1.57,1.28,1.99,2.07,2.33,3.15,1.76,3.84,3.58,3.24,3,2.66,2.51,2.21,1.77,1.52,1.45,1.3,1.13,1.04,0.915,0.798,1.31,1.49,1.5,1.55,1.6,1.66,1.8,1.91,2.07,2.22,2.23,2.45,2.32
"Indonesia","Indonesia",NA,NA,NA,NA,NA,NA,NA,NA,NA,NA,NA,NA,NA,NA,NA,NA,NA,NA,NA,NA,NA,NA,NA,NA,NA,2.71,3.49,3.42,3.21,3.16,3.02,2.92,2.88,2.9,2.4,2.29,2.17,2.01,1.72,1.53,1.39,1.41,1.32,1.36,1.22,1.27,1.23,1.26,1.5,1.02,0.811,0.684,0.573,0.7,0.909,0.946,0.751,0.659,0.712,0.579,0.571,0.618,0.654,0.712,0.919,0.778,0.882,0.792,0.865,0.719,0.729,0.86,0.696
"Laos","Laos",NA,NA,NA,NA,NA,NA,NA,NA,NA,NA,NA,NA,NA,NA,NA,NA,NA,NA,NA,NA,NA,NA,NA,NA,NA,NA,NA,NA,NA,NA,NA,NA,NA,NA,NA,NA,NA,NA,NA,NA,NA,NA,NA,8.68,8.11,7.52,5.83,4.19,3.84,2.59,1.06,0.792,0.717,0.584,0.492,0.434,0.393,0.343,0.312,0.274,0.217,0.205,0.212,0.199,0.19,NA,NA,NA,NA,NA,NA,NA,NA
"Malaysia","Malaysia",NA,NA,NA,NA,NA,NA,NA,NA,3.75,4.06,3.08,2.68,2.23,2.19,2.42,3.16,4.01,4.73,4.5,4.45,3.92,5.17,5.37,4.98,3.87,4.18,4.72,3.98,4.85,3.71,3.67,4.23,5.79,5.37,4.42,3.75,3.45,3.22,4.15,2.43,2.62,2.56,3.2,2.99,2.88,2.85,2.75,2.4,2.09,1.61,2.1,1.63,2.08,2.22,2.61,2.26,2.17,2.01,1.96,1.82,1.87,1.49,1.55,1.41,1.5,1.43,1.5,1.38,1.1,0.961,0.895,1.01,1.06
"Myanmar","Myanmar",NA,NA,NA,NA,NA,NA,NA,NA,NA,NA,NA,NA,6.12,5.69,6.85,6.02,6.7,6.13,5.2,5.02,5.31,5.6,5.65,5.45,5.11,4.02,3.77,3.79,4.04,3.92,3.56,3.42,3.46,3.22,3.07,2.92,2.98,2.88,1.97,2.14,2.96,3.4,3.17,3.35,3.52,3.54,3.68,3.49,2.31,2.01,1.73,2,1.56,1.13,1.67,1.66,1.35,NA,NA,NA,NA,NA,NA,3.9,4.04,3.79,4.3,4.09,3.65,2.31,2.15,2.95,3.33
"Philippines","Philippines",NA,NA,NA,NA,NA,NA,NA,NA,NA,1.96,1.84,1.78,1.7,1.81,1.86,1.7,1.55,1.65,1.74,1.87,2.09,2.16,2.07,2.34,2.81,3.56,NA,3.93,3.62,2.58,2.96,2.71,2.76,2.6,2.41,1.63,1.98,1.99,1.97,2.46,2.24,2.15,2.01,2.04,2.16,2.17,2.29,2.27,1.91,1.7,1.62,1.61,1.47,1.47,1.55,1.36,1.33,1.32,1.29,1.25,1.2,1.17,1.15,1.11,1.19,1.04,1.09,1.05,1.25,0.82,0.92,1.01,1.04
"Singapore","Singapore",NA,NA,NA,NA,NA,NA,NA,NA,NA,NA,NA,NA,NA,NA,NA,NA,NA,NA,NA,NA,NA,5.4,5.64,5.09,4.7,4.29,4.65,5.04,5.68,5.2,4.65,4.64,4.74,4.65,4.07,4.7,5.66,5.44,4.87,4.55,4.49,4.63,4.45,4.47,4.09,3.79,4.18,4.25,4.45,5.21,5.21,4.52,4.83,4.92,4.87,4.42,4.29,3.95,3.6,3.85,3.88,3.38,3.19,3.11,3.04,3.05,3.05,3.1,2.98,2.84,2.8,2.94,2.98
"Thailand","Thailand",NA,NA,NA,NA,NA,NA,NA,NA,3.58,3.25,3.01,2.47,2.1,2.63,2.62,2.43,2.33,2.17,2.43,2.75,2.99,3.07,3.56,3.47,2.88,2.66,2.8,3.13,3.48,3.92,4.38,4.24,4.06,4.12,3.95,4.06,4.19,3.8,3.36,2.93,2.68,2.59,2.65,2.66,2.52,2.5,2.27,2.15,2.17,1.86,1.62,1.49,1.43,1.35,1.24,1.08,1.05,1.1,1.34,1.53,1.7,1.45,1.49,1.38,1.4,1.41,1.43,1.42,1.39,1.36,1.35,1.46,1.32
"East Timor","East Timor",NA,NA,NA,NA,NA,NA,NA,NA,NA,NA,NA,NA,NA,NA,NA,NA,NA,NA,NA,NA,NA,NA,NA,NA,NA,NA,NA,NA,NA,NA,NA,NA,NA,NA,NA,NA,NA,NA,NA,NA,NA,NA,NA,NA,NA,NA,NA,NA,NA,NA,NA,NA,NA,NA,NA,NA,0.445,0.606,0.824,0.539,1.14,0.66,0.361,0.5,0.561,0.732,1.19,1.04,0.917,0.762,1.23,1.16,1.14
"Vietnam","Vietnam",NA,NA,NA,NA,NA,NA,NA,NA,NA,NA,NA,NA,NA,NA,NA,NA,NA,NA,NA,NA,NA,NA,NA,NA,NA,NA,NA,NA,NA,NA,NA,NA,NA,NA,NA,NA,NA,NA,3.95,7.1,7.29,7.91,5.6,3.37,2.26,2.65,NA,NA,NA,NA,NA,NA,NA,NA,2.13,2.01,1.78,1.94,2.3,2.16,2.27,2.31,1.98,2.16,2.18,2.29,2.36,2.44,2.27,2.28,NA,NA,NA
"Kazakhstan","Kazakhstan",NA,NA,NA,NA,NA,NA,NA,NA,NA,NA,NA,NA,NA,NA,NA,NA,NA,NA,NA,NA,NA,NA,NA,NA,NA,NA,NA,NA,NA,NA,NA,NA,NA,NA,NA,NA,NA,NA,NA,NA,NA,NA,NA,NA,1.06,0.839,1.03,1.2,1.11,1.15,0.82,0.785,1,0.998,1.03,0.988,1.04,0.979,1.3,1.15,1.1,1.01,0.937,1.05,1.08,1.04,NA,0.934,0.832,0.836,1.02,0.942,0.866
"Kyrgyz Republic","Kyrgyz Republic",NA,NA,NA,NA,NA,NA,NA,NA,NA,NA,NA,NA,NA,NA,NA,NA,NA,NA,NA,NA,NA,NA,NA,NA,NA,NA,NA,NA,NA,NA,NA,NA,NA,NA,NA,NA,NA,NA,NA,NA,NA,NA,NA,0.853,0.825,1.09,1.79,1.55,1.76,1.59,1.85,1.88,1.45,1.62,1.7,1.68,1.61,1.67,1.34,1.19,1.43,1.61,1.39,1.63,1.62,1.71,1.75,1.7,1.58,1.57,1.56,1.84,1.67
"Tajikistan","Tajikistan",NA,NA,NA,NA,NA,NA,NA,NA,NA,NA,NA,NA,NA,NA,NA,NA,NA,NA,NA,NA,NA,NA,NA,NA,NA,NA,NA,NA,NA,NA,NA,NA,NA,NA,NA,NA,NA,NA,NA,NA,NA,NA,NA,0.000366,0.00348,0.00172,1.1,1.29,1.7,1.71,1.39,0.598,0.581,1.05,1.12,1.13,NA,NA,NA,1.02,0.955,0.953,1.09,0.999,NA,1.13,1.28,1.22,1.09,1.08,1.04,1.01,1.01
"Turkmenistan","Turkmenistan",NA,NA,NA,NA,NA,NA,NA,NA,NA,NA,NA,NA,NA,NA,NA,NA,NA,NA,NA,NA,NA,NA,NA,NA,NA,NA,NA,NA,NA,NA,NA,NA,NA,NA,NA,NA,NA,NA,NA,NA,NA,NA,NA,NA,NA,1.8,2.32,2.04,3.96,3.11,2.9,NA,NA,NA,NA,NA,NA,NA,NA,NA,NA,NA,NA,NA,NA,NA,NA,NA,NA,NA,NA,NA,NA
"Uzbekistan","Uzbekistan",NA,NA,NA,NA,NA,NA,NA,NA,NA,NA,NA,NA,NA,NA,NA,NA,NA,NA,NA,NA,NA,NA,NA,NA,NA,NA,NA,NA,NA,NA,NA,NA,NA,NA,NA,NA,NA,NA,NA,NA,NA,NA,NA,NA,NA,1.53,1.11,1.23,1.4,NA,1.64,1.15,0.835,0.598,0.539,NA,NA,NA,NA,NA,NA,NA,NA,NA,NA,NA,NA,NA,NA,3.56,NA,NA,NA
"Albania","Albania",NA,NA,NA,NA,NA,NA,NA,NA,NA,NA,NA,NA,NA,NA,NA,NA,NA,NA,NA,NA,NA,NA,NA,NA,NA,NA,NA,NA,NA,NA,NA,6.05,5.85,5.65,5.44,6.12,5.65,5.63,5.86,5.62,5.17,5.89,5.79,4.67,3.2,2.55,2.05,1.38,1.28,1.24,1.25,1.25,1.31,1.32,1.34,1.38,1.35,1.57,1.82,1.98,1.52,1.56,1.53,1.49,1.41,1.35,1.16,1.1,1.11,1.16,1.3,1.26,1.42
"Bosnia and Herzegovina","Bosnia and Herzegovina",NA,NA,NA,NA,NA,NA,NA,NA,NA,NA,NA,NA,NA,NA,NA,NA,NA,NA,NA,NA,NA,NA,NA,NA,NA,NA,NA,NA,NA,NA,NA,NA,NA,NA,NA,NA,NA,NA,NA,NA,NA,NA,NA,NA,NA,NA,NA,NA,NA,NA,NA,NA,NA,3.9,2.42,1.89,1.54,1.39,1.24,1.22,1.38,1.28,1.14,1.15,1.09,1.03,1,0.934,0.864,0.853,0.82,0.846,0.895
"Bulgaria","Bulgaria",NA,NA,NA,NA,NA,NA,NA,NA,NA,NA,NA,NA,NA,NA,NA,NA,NA,NA,NA,NA,NA,NA,NA,NA,NA,NA,NA,NA,NA,NA,NA,NA,NA,NA,NA,NA,NA,NA,NA,NA,4.4,3.83,3.04,2.97,2.61,2.49,2.37,2.4,2.43,2.45,2.65,2.67,2.88,2.8,2.71,2.39,2.25,2.1,2.23,2.13,1.74,1.65,1.32,1.34,1.46,1.31,1.25,1.25,1.23,1.45,3.15,1.54,1.59
"Croatia","Croatia",NA,NA,NA,NA,NA,NA,NA,NA,NA,NA,NA,NA,NA,NA,NA,NA,NA,NA,NA,NA,NA,NA,NA,NA,NA,NA,NA,NA,NA,NA,NA,NA,NA,NA,NA,NA,NA,NA,NA,NA,NA,NA,NA,7.61,10.7,11.1,9.32,8.29,8.94,6.6,4.43,3.03,2.7,2.73,2.05,1.76,1.76,1.69,1.63,1.85,1.79,1.68,1.75,1.67,1.63,1.82,1.76,1.6,1.64,1.55,1.61,1.77,2.74
"Czech Republic","Czech Republic",NA,NA,NA,NA,NA,NA,NA,NA,NA,NA,NA,NA,NA,NA,NA,NA,NA,NA,NA,NA,NA,NA,NA,NA,NA,NA,NA,NA,NA,NA,NA,NA,NA,NA,NA,NA,NA,NA,NA,NA,NA,NA,NA,NA,2.33,2.28,1.84,1.73,1.66,1.83,1.86,1.88,1.75,1.82,1.89,1.71,1.79,1.58,1.43,1.23,1.31,1.19,1.08,1.06,1.02,0.966,0.947,0.996,0.957,1.09,1.15,1.33,1.43
"Estonia","Estonia",NA,NA,NA,NA,NA,NA,NA,NA,NA,NA,NA,NA,NA,NA,NA,NA,NA,NA,NA,NA,NA,NA,NA,NA,NA,NA,NA,NA,NA,NA,NA,NA,NA,NA,NA,NA,NA,NA,NA,NA,NA,NA,NA,NA,0.762,1.04,0.958,0.874,1.05,1.07,1.29,1.38,1.5,1.67,1.74,1.7,1.45,1.39,1.66,1.77,1.79,1.69,1.66,1.88,1.9,1.91,2.01,2.05,2.01,2.01,2.02,2.36,2.16
"German Democratic Republic","German Democratic Republic",NA,NA,NA,NA,NA,NA,NA,NA,NA,NA,NA,NA,NA,NA,NA,NA,NA,NA,NA,NA,NA,NA,NA,NA,NA,NA,NA,NA,NA,NA,NA,NA,NA,NA,NA,NA,NA,NA,NA,NA,NA,NA,NA,NA,NA,NA,NA,NA,NA,NA,NA,NA,NA,NA,NA,NA,NA,NA,NA,NA,NA,NA,NA,NA,NA,NA,NA,NA,NA,NA,NA,NA,NA
"Hungary","Hungary",NA,NA,NA,NA,NA,NA,NA,NA,NA,NA,NA,NA,NA,NA,NA,NA,NA,NA,NA,NA,NA,4.03,3.74,3.27,3.01,3.21,3.34,3.01,2.96,3.24,3.24,3.34,3.33,3.24,3.34,3.15,4.97,3.22,3.16,3.6,2.79,2.56,2.16,2.18,1.91,1.82,1.32,1.26,1.48,1.27,1.43,1.51,1.57,1.59,1.64,1.47,1.41,1.22,1.27,1.18,1.13,1.02,1.04,1.03,0.945,0.859,0.905,1,1.03,1.12,1.25,1.86,1.64
"Kosovo","Kosovo",NA,NA,NA,NA,NA,NA,NA,NA,NA,NA,NA,NA,NA,NA,NA,NA,NA,NA,NA,NA,NA,NA,NA,NA,NA,NA,NA,NA,NA,NA,NA,NA,NA,NA,NA,NA,NA,NA,NA,NA,NA,NA,NA,NA,NA,NA,NA,NA,NA,NA,NA,NA,NA,NA,NA,NA,NA,NA,NA,0.0163,0.482,0.662,0.762,0.668,0.687,0.725,0.776,0.774,0.796,0.798,0.826,1.06,0.94
"Latvia","Latvia",NA,NA,NA,NA,NA,NA,NA,NA,NA,NA,NA,NA,NA,NA,NA,NA,NA,NA,NA,NA,NA,NA,NA,NA,NA,NA,NA,NA,NA,NA,NA,NA,NA,NA,NA,NA,NA,NA,NA,NA,NA,NA,NA,NA,0.735,0.839,0.806,0.639,0.582,0.588,0.751,0.882,1.04,1.54,1.61,1.6,1.61,1.72,1.55,1.63,1.38,1.09,1.04,0.903,0.932,0.944,1.04,1.45,1.59,2.06,2.03,2.26,2.28
"Lithuania","Lithuania",NA,NA,NA,NA,NA,NA,NA,NA,NA,NA,NA,NA,NA,NA,NA,NA,NA,NA,NA,NA,NA,NA,NA,NA,NA,NA,NA,NA,NA,NA,NA,NA,NA,NA,NA,NA,NA,NA,NA,NA,NA,NA,NA,NA,0.812,0.493,0.454,0.504,0.747,1.23,0.97,1.22,1.36,1.27,1.12,1.2,1.16,1.17,1.11,1.13,1.08,0.879,0.791,0.765,0.763,0.88,1.14,1.48,1.71,1.97,2.01,2.13,2.02
"North Macedonia","North Macedonia",NA,NA,NA,NA,NA,NA,NA,NA,NA,NA,NA,NA,NA,NA,NA,NA,NA,NA,NA,NA,NA,NA,NA,NA,NA,NA,NA,NA,NA,NA,NA,NA,NA,NA,NA,NA,NA,NA,NA,NA,NA,NA,NA,NA,NA,NA,NA,2.81,2.13,2.1,1.71,1.85,6.1,2.65,2.34,2.38,2.03,1.84,1.95,1.74,1.69,1.38,1.26,1.23,1.17,1.09,0.993,0.97,0.895,0.943,1.16,1.25,1.54
"Montenegro","Montenegro",NA,NA,NA,NA,NA,NA,NA,NA,NA,NA,NA,NA,NA,NA,NA,NA,NA,NA,NA,NA,NA,NA,NA,NA,NA,NA,NA,NA,NA,NA,NA,NA,NA,NA,NA,NA,NA,NA,NA,NA,NA,NA,NA,NA,NA,NA,NA,NA,NA,NA,NA,NA,NA,NA,NA,NA,2.69,2.29,1.74,1.87,1.84,1.81,1.75,1.66,1.45,1.47,1.4,1.41,1.36,1.37,1.33,1.67,1.74
"Poland","Poland",NA,NA,NA,NA,NA,NA,NA,NA,NA,NA,NA,NA,NA,NA,NA,NA,NA,NA,NA,NA,NA,NA,NA,NA,NA,NA,NA,NA,NA,NA,NA,2.65,2.91,3.25,2.9,3.06,3.02,2.94,2.76,2.59,1.82,2.61,2.25,2.23,2.47,2.27,1.96,1.97,2.03,2.02,1.9,1.83,1.91,1.9,1.91,1.87,1.93,1.92,2,1.75,1.8,1.83,1.79,1.8,1.78,1.91,2.14,1.94,1.89,2.05,1.97,2.3,2.12
"Romania","Romania",NA,NA,NA,NA,NA,NA,NA,NA,NA,NA,NA,NA,NA,NA,NA,NA,NA,NA,NA,NA,NA,NA,NA,NA,NA,NA,NA,NA,NA,NA,NA,2.2,2.2,2.04,1.99,1.91,4.3,4.45,3.91,4.21,4.8,4.55,4.77,4.25,2.74,3.11,2.61,2.37,3.02,3,2.64,2.5,2.42,2.29,2.09,2.01,1.98,1.82,1.49,1.4,1.28,1.25,1.3,1.23,1.29,1.35,1.45,1.41,1.72,1.81,1.84,2.03,1.95
"Serbia","Serbia",NA,NA,NA,NA,NA,NA,NA,NA,NA,NA,NA,NA,NA,NA,NA,NA,NA,NA,NA,NA,NA,NA,NA,NA,NA,NA,NA,NA,NA,NA,NA,NA,NA,NA,NA,NA,NA,NA,NA,NA,NA,NA,NA,NA,NA,NA,NA,3.51,3.79,3.51,4.01,5.15,4.03,4.21,3.45,2.97,2.27,2.17,2.25,2.13,2.16,2.09,2,1.97,1.9,1.94,1.83,1.75,1.84,1.61,2.21,2.1,2.09
"Slovakia","Slovakia",NA,NA,NA,NA,NA,NA,NA,NA,NA,NA,NA,NA,NA,NA,NA,NA,NA,NA,NA,NA,NA,NA,NA,NA,NA,NA,NA,NA,NA,NA,NA,NA,NA,NA,NA,NA,NA,NA,NA,NA,NA,NA,NA,NA,2,1.94,3.15,2.97,2.28,1.74,1.57,1.66,1.84,1.78,1.84,1.65,1.68,1.6,1.48,1.46,1.52,1.26,1.07,1.08,0.979,0.986,1.11,1.12,1.11,1.23,1.71,1.95,1.71
"Slovenia","Slovenia",NA,NA,NA,NA,NA,NA,NA,NA,NA,NA,NA,NA,NA,NA,NA,NA,NA,NA,NA,NA,NA,NA,NA,NA,NA,NA,NA,NA,NA,NA,NA,NA,NA,NA,NA,NA,NA,NA,NA,NA,NA,NA,NA,2.25,1.82,1.65,1.57,1.54,1.4,1.36,1.21,1.09,1.3,1.39,1.4,1.43,1.42,1.54,1.44,1.49,1.59,1.6,1.29,1.17,1.05,0.974,0.93,1,0.982,0.978,1.06,1.06,1.22
"Yugoslavia","Yugoslavia",NA,NA,NA,NA,NA,NA,NA,NA,NA,NA,NA,NA,NA,NA,NA,NA,NA,NA,NA,NA,NA,NA,NA,NA,NA,NA,NA,NA,NA,NA,NA,NA,NA,NA,NA,NA,NA,NA,NA,NA,NA,NA,NA,NA,NA,NA,NA,NA,NA,NA,NA,NA,NA,NA,NA,NA,NA,NA,NA,NA,NA,NA,NA,NA,NA,NA,NA,NA,NA,NA,NA,NA,NA
"Armenia","Armenia",NA,NA,NA,NA,NA,NA,NA,NA,NA,NA,NA,NA,NA,NA,NA,NA,NA,NA,NA,NA,NA,NA,NA,NA,NA,NA,NA,NA,NA,NA,NA,NA,NA,NA,NA,NA,NA,NA,NA,NA,NA,NA,NA,2.2,2.3,NA,4.06,3.28,3.91,3.53,3.7,3.56,3.13,2.7,2.73,2.74,2.87,2.95,3.04,3.4,4.16,4.27,3.85,3.58,4,3.94,4.24,4.09,3.85,4.12,4.79,4.98,4.44
"Azerbaijan","Azerbaijan",NA,NA,NA,NA,NA,NA,NA,NA,NA,NA,NA,NA,NA,NA,NA,NA,NA,NA,NA,NA,NA,NA,NA,NA,NA,NA,NA,NA,NA,NA,NA,NA,NA,NA,NA,NA,NA,NA,NA,NA,NA,NA,NA,2.4,5,1.95,2.74,2.25,2.32,2.41,2.63,2.27,2.31,2.24,2.43,2.63,2.3,3.42,2.86,3.29,3.33,2.79,4.67,4.66,4.54,4.56,5.46,3.69,3.76,3.56,3.87,5.39,5.27
"Belarus","Belarus",NA,NA,NA,NA,NA,NA,NA,NA,NA,NA,NA,NA,NA,NA,NA,NA,NA,NA,NA,NA,NA,NA,NA,NA,NA,NA,NA,NA,NA,NA,NA,NA,NA,NA,NA,NA,NA,NA,NA,NA,NA,NA,NA,1.62,2.79,3.62,1.7,1.26,1.77,1.5,1.37,1.35,1.44,1.4,1.3,1.36,1.5,1.71,1.65,1.45,1.37,1.34,1.22,1.23,1.27,1.27,1.26,1.25,1.15,1.18,1.2,1.17,1.16
"Georgia","Georgia",NA,NA,NA,NA,NA,NA,NA,NA,NA,NA,NA,NA,NA,NA,NA,NA,NA,NA,NA,NA,NA,NA,NA,NA,NA,NA,NA,NA,NA,NA,NA,NA,NA,NA,NA,NA,NA,NA,NA,NA,NA,NA,NA,NA,NA,NA,NA,2.21,1.25,1.14,0.924,0.616,0.74,1,1.07,1.37,3.34,5.22,9.16,8.52,5.61,3.71,3.1,2.98,2.57,2.36,2,2.08,1.97,1.9,1.75,1.78,1.67
"Moldova","Moldova",NA,NA,NA,NA,NA,NA,NA,NA,NA,NA,NA,NA,NA,NA,NA,NA,NA,NA,NA,NA,NA,NA,NA,NA,NA,NA,NA,NA,NA,NA,NA,NA,NA,NA,NA,NA,NA,NA,NA,NA,NA,NA,NA,NA,0.53,0.774,0.926,0.907,0.903,0.625,0.511,0.387,0.403,0.42,0.416,0.361,0.4,0.483,0.516,0.609,0.458,0.263,0.273,0.274,0.281,0.29,0.298,0.34,0.319,0.326,0.355,0.375,0.412
"Russia","Russia",NA,NA,NA,NA,NA,NA,NA,NA,NA,NA,NA,NA,NA,NA,NA,NA,NA,NA,NA,NA,NA,NA,NA,NA,NA,NA,NA,NA,NA,NA,NA,NA,NA,NA,NA,NA,NA,NA,NA,NA,NA,NA,NA,4.43,4.18,4.52,3.78,3.76,4.04,2.73,3.07,3.31,3.55,3.76,3.67,3.3,3.33,3.25,3.12,3.15,3.92,3.59,3.43,3.69,3.85,4.11,4.87,5.43,4.25,3.69,3.83,4.26,4.08
"Ukraine","Ukraine",NA,NA,NA,NA,NA,NA,NA,NA,NA,NA,NA,NA,NA,NA,NA,NA,NA,NA,NA,NA,NA,NA,NA,NA,NA,NA,NA,NA,NA,NA,NA,NA,NA,NA,NA,NA,NA,NA,NA,NA,NA,NA,NA,NA,0.352,1.8,2.04,2.19,2.79,2.11,1.9,2.15,1.89,1.98,2.12,1.97,2.41,2.39,2.47,2.3,1.91,1.9,1.53,1.61,1.58,2.25,3.25,3.15,2.88,3.19,3.52,3.81,3.23
"USSR","USSR",NA,NA,NA,NA,NA,NA,NA,NA,NA,NA,NA,NA,NA,NA,NA,NA,NA,NA,NA,NA,NA,NA,NA,NA,NA,NA,NA,NA,NA,NA,NA,NA,NA,NA,NA,NA,NA,NA,NA,NA,NA,NA,NA,NA,NA,NA,NA,NA,NA,NA,NA,NA,NA,NA,NA,NA,NA,NA,NA,NA,NA,NA,NA,NA,NA,NA,NA,NA,NA,NA,NA,NA,NA
"Austria","Austria",NA,NA,NA,NA,NA,NA,NA,NA,1.63,1.81,1.7,1.46,1.31,1.35,1.58,1.89,1.51,1.62,1.61,1.54,1.5,1.38,1.25,1.2,1.18,1.28,1.45,1.37,1.35,1.43,1.43,1.42,1.38,1.41,1.39,1.41,1.51,1.51,1.42,1.3,1.23,1.2,1.15,1.1,1.12,1.09,1.07,1.05,1.05,1.02,0.98,0.98,0.908,0.884,0.914,0.893,0.85,0.786,0.9,0.871,0.833,0.821,0.791,0.778,0.751,0.748,0.698,0.73,0.757,0.745,0.728,0.833,0.802
"Belgium","Belgium",NA,NA,NA,NA,4.86,4.88,3.78,3.56,3.61,3.57,3.52,3.4,3.26,3.28,3.22,3.21,2.97,3.11,3.13,3.12,2.93,2.92,2.9,2.88,2.84,2.76,3.07,3.09,3.14,3.26,3.26,3.25,3.37,3.27,3.19,3.01,2.93,2.95,2.9,2.63,2.46,2.36,2.29,1.83,1.74,1.68,1.57,1.54,1.48,1.46,1.39,1.34,1.28,1.22,1.21,1.15,1.09,1.05,1.09,1.21,1.16,1.08,1.04,1.04,1.01,0.971,0.909,0.895,0.884,0.891,0.889,1.05,1.08
"Cyprus","Cyprus",NA,NA,NA,NA,NA,NA,NA,NA,NA,NA,NA,NA,NA,NA,NA,NA,NA,NA,NA,NA,NA,NA,NA,NA,NA,NA,NA,NA,NA,NA,NA,NA,NA,NA,NA,NA,1.27,1.58,5.39,5.7,5.37,7.37,7.26,9.13,4.07,4.02,3.04,4.52,5.57,4.68,2.73,2.82,3.15,2.13,1.99,1.96,2.04,1.9,1.68,1.63,1.82,1.86,1.74,1.66,1.61,1.55,1.65,1.41,1.58,1.78,1.86,2.05,1.99
"Denmark","Denmark",NA,1.66,2.05,2.74,3.36,3.19,3.18,3.03,3.08,2.88,2.59,2.73,2.59,3.02,3.04,2.84,2.83,2.64,2.59,2.68,2.39,2.43,2.36,2.18,1.98,2.23,2.4,2.2,2.22,2.27,2.25,2.36,2.44,2.42,2.36,2.24,2.1,1.94,2.03,2.09,2.02,1.95,1.95,1.89,1.91,1.77,1.69,1.64,1.62,1.61,1.56,1.46,1.53,1.51,1.47,1.42,1.31,1.38,1.31,1.36,1.35,1.4,1.31,1.35,1.23,1.15,1.11,1.15,1.14,1.28,1.31,1.4,1.37
"Finland","Finland",NA,NA,NA,NA,NA,NA,NA,NA,NA,1.71,1.87,1.77,1.84,2.51,1.93,1.86,1.8,1.71,1.62,1.76,1.44,1.38,1.45,1.53,1.45,1.27,1.51,1.34,1.41,1.43,1.48,1.67,1.55,1.64,1.82,1.6,1.68,1.72,1.65,1.61,1.53,1.56,1.78,1.91,1.87,1.76,1.42,1.53,1.54,1.46,1.22,1.24,1.14,1.15,1.45,1.47,1.47,1.44,1.29,1.39,1.56,1.49,1.49,1.53,1.53,1.45,1.45,1.42,1.35,1.36,1.35,1.53,2.03
"France","France",NA,4.65,5.99,7.23,7.57,6.12,5.38,6.46,6.16,5.69,5.64,5.43,5.3,5.16,4.74,4.54,4.4,4.29,4.3,4.14,3.68,3.46,3.32,3.23,3.14,3.09,3.2,3.16,3.23,3.15,3.14,3.16,3.25,3.22,3.24,3.19,3.14,3.09,3.12,2.96,2.88,2.81,2.81,2.69,2.69,2.66,2.49,2.41,2.38,2.23,2.18,2.09,2.03,2.05,2.1,2.1,2.02,1.98,1.91,1.9,2.1,1.97,1.89,1.87,1.85,1.86,1.87,1.92,1.91,1.84,1.84,2.01,1.95
"Germany","Germany",NA,NA,NA,NA,3.97,3.74,3.84,3.41,3.9,2.79,4.17,3.77,3.74,4.5,4.9,4.38,4.09,3.91,4.08,3.41,3.4,3.01,3.06,3.17,3.16,3.26,3.28,3.14,3.04,3.05,2.96,2.96,3.04,3.03,3.03,2.93,2.87,2.79,2.77,2.64,2.53,2.52,2,1.86,1.69,1.55,1.5,1.47,1.41,1.39,1.4,1.36,1.32,1.33,1.32,1.27,1.07,1.2,1.17,1.21,1.31,1.27,1.21,1.24,1.19,1.15,1.14,1.15,1.15,1.17,1.26,1.39,1.34
"Greece","Greece",5.91,6.01,6.64,6.43,5.11,5.49,5.11,5.94,5,4.77,4.86,4.86,4.24,4.05,3.82,3.57,3.5,3.58,4.35,4.69,4.79,4.2,4.12,3.96,3.52,4.82,5.85,5.83,5.92,5.58,5.18,4.66,5.74,5.63,5.17,4.84,4.69,4.13,4.26,4.2,3.77,3.8,3.48,3.63,3.6,3.58,3.17,3.31,3.37,3.53,3.36,3.47,3.25,3.08,2.49,2.61,2.84,2.78,2.68,2.98,3.22,2.75,2.52,2.44,2.37,2.35,2.47,2.58,2.56,2.72,2.67,2.81,3.87
"Iceland","Iceland",NA,NA,NA,NA,NA,NA,NA,NA,NA,NA,NA,NA,NA,NA,NA,NA,NA,NA,NA,NA,NA,NA,NA,NA,NA,NA,NA,NA,NA,NA,NA,NA,NA,NA,NA,NA,NA,NA,NA,NA,NA,NA,NA,NA,NA,NA,NA,NA,NA,NA,NA,NA,NA,NA,NA,NA,NA,NA,NA,NA,NA,NA,NA,NA,NA,NA,NA,NA,NA,NA,NA,NA,NA
"Ireland","Ireland",NA,NA,NA,NA,NA,NA,NA,NA,NA,1.45,1.42,1.33,1.32,1.29,1.24,1.3,1.33,1.23,1.19,1.13,1.1,1.16,1.24,1.33,1.31,1.41,1.63,1.62,1.53,1.48,1.58,1.67,1.58,1.59,1.49,1.41,1.42,1.42,1.28,1.2,1.11,1.2,1.25,1.2,1.14,1.11,1.01,0.99,0.924,0.824,0.751,0.696,0.704,0.634,0.588,0.568,0.541,0.513,0.508,0.576,0.6,0.574,0.547,0.514,0.501,0.461,0.342,0.334,0.304,0.287,0.279,0.287,0.265
"Italy","Italy",NA,NA,3.78,3.99,3.33,3.53,3.25,3.17,3.09,3.04,2.95,2.71,2.57,2.63,2.75,2.73,2.75,2.99,2.77,2.65,2.42,2.06,2.24,2.39,2.2,2.07,1.98,1.83,1.89,1.88,1.87,1.76,1.82,2.01,2.02,2.01,1.94,1.98,2.06,2.07,2.03,1.88,1.86,1.75,1.79,1.71,1.47,1.59,1.63,1.64,1.68,1.74,1.68,1.71,1.71,1.68,1.61,1.53,1.45,1.54,1.55,1.5,1.48,1.43,1.4,1.28,1.21,1.33,1.36,1.36,1.31,1.53,1.52
"Luxembourg","Luxembourg",NA,1.21,1.41,2.14,2.61,2.94,2.92,1.71,1.76,1.74,1.59,0.907,1,1.16,1.07,1.25,1.22,1.21,0.996,0.825,0.738,0.682,0.713,0.738,0.707,0.685,0.87,0.891,0.907,0.929,0.919,1.04,1.09,1.08,1.09,1.04,0.868,0.833,0.916,0.951,0.788,0.788,0.811,0.827,0.707,0.742,0.595,0.587,0.614,0.64,0.571,0.544,0.68,0.587,0.607,0.611,0.59,0.526,0.559,0.393,0.38,0.506,0.416,0.387,0.399,0.409,0.452,0.409,0.525,0.53,0.574,0.627,0.627
"Malta","Malta",NA,NA,NA,NA,NA,NA,NA,NA,NA,NA,NA,NA,NA,NA,NA,NA,NA,NA,NA,NA,NA,NA,NA,NA,NA,NA,NA,NA,NA,NA,NA,NA,NA,NA,NA,NA,1.28,1.27,1.46,1.22,1.11,0.915,0.871,0.973,1,1.02,0.842,0.875,0.825,0.731,0.684,0.626,0.667,0.636,0.63,0.671,0.821,0.655,0.618,0.616,0.68,0.651,0.581,0.528,0.51,0.487,0.467,0.511,0.479,0.436,0.51,0.457,0.514
"Netherlands","Netherlands",NA,NA,NA,NA,NA,NA,NA,5.79,5.32,4.72,4.02,3.7,4.09,4.12,4.01,3.93,3.57,3.37,3.52,3.26,3.23,2.87,2.84,2.82,2.7,2.65,2.84,2.69,2.95,2.75,2.84,2.78,2.86,3.14,2.85,2.86,2.77,2.73,2.71,2.61,2.52,2.37,2.25,2.21,2.03,1.91,1.79,1.76,1.66,1.58,1.59,1.43,1.44,1.43,1.44,1.43,1.4,1.39,1.35,1.31,1.4,1.33,1.29,1.24,1.17,1.16,1.13,1.16,1.16,1.22,1.32,1.48,1.42
"Norway","Norway",2.71,2.37,3.05,4.01,5.08,5,3.93,3.52,3.59,3.51,3.58,3.2,3,3.24,3.21,3.12,3.4,3.57,3.51,3.61,3.6,3.47,3.39,3.29,3.13,3.04,3.21,3.12,3.1,2.84,2.77,2.62,2.62,2.74,2.79,2.54,2.8,2.81,2.98,2.89,2.91,2.89,2.75,2.96,2.69,2.73,2.31,2.16,2.02,2.16,2.04,1.71,1.7,2.08,1.97,1.85,1.58,1.45,1.47,1.38,1.6,1.52,1.45,1.4,1.41,1.47,1.51,1.63,1.72,1.73,1.86,2.01,1.84
"Portugal","Portugal",NA,3.1,NA,NA,3.29,3.41,3.45,3.28,3.27,3.23,3.44,3.38,5.15,5.6,5.24,5.44,5.05,5.1,5.91,5.96,5.48,5.48,5.74,5.38,4.61,5.75,4.1,3.12,2.74,2.77,2.69,2.68,2.65,2.69,2.53,2.46,2.44,2.54,2.46,2.5,2.5,2.44,2.42,2.39,2.37,2.23,2.26,2.12,2.04,1.88,1.89,1.86,1.91,1.94,1.89,1.97,2.05,1.95,1.82,1.84,2.03,1.98,2,1.91,2.09,1.79,1.79,2,1.67,1.76,1.78,1.89,2.07
"Spain","Spain",NA,NA,NA,NA,NA,2.29,2.31,2.26,2.23,1.93,1.91,2.25,2.03,2.27,1.97,1.93,1.88,2.08,1.85,2.3,2.43,2.29,2.11,2.32,2.11,2.21,2,2.32,2.31,2.36,2.5,2.49,2.58,2.66,2.94,2.97,2.95,2.63,2.61,2.49,2.36,2.29,2.13,2.04,2.01,2,1.92,1.81,1.72,1.76,1.76,1.73,1.63,1.46,1.42,1.43,1.39,1.37,1.36,1.37,1.36,1.39,1.33,1.42,1.27,1.25,1.27,1.14,1.23,1.25,1.23,1.36,1.37
"Sweden","Sweden",NA,NA,NA,NA,NA,NA,NA,NA,NA,NA,NA,3.78,3.72,3.86,3.97,3.87,3.91,3.86,3.61,3.48,3.46,3.36,3.41,3.41,3.28,3.22,3.08,3,3.1,3.15,3.12,2.92,2.95,2.85,2.74,2.67,2.67,2.59,2.48,2.45,2.43,2.46,2.32,2.34,2.26,2.13,1.75,1.48,1.91,1.87,1.87,1.82,1.78,1.64,1.6,1.44,1.42,1.33,1.3,1.16,1.16,1.19,1.1,1.13,1.11,1.13,1.07,1.05,1.02,1.03,1.09,1.16,1.28
"Switzerland","Switzerland",NA,NA,NA,NA,NA,NA,NA,NA,2.83,2.99,2.71,2.34,2.47,2.57,2.52,2.54,2.47,2.53,2.38,2.18,2.2,2.1,2.05,1.97,1.86,1.88,1.9,2.16,2.02,1.97,2.04,1.68,1.66,1.73,1.75,1.7,1.82,1.66,1.56,1.56,1.52,1.57,1.54,1.52,1.37,1.33,1.36,1.28,1.22,1.18,1.09,1.03,0.992,0.956,0.927,0.889,0.853,0.773,0.734,0.719,0.727,0.682,0.689,0.664,0.706,0.628,0.644,0.657,0.657,0.644,0.686,0.85,0.712
"United Kingdom","United Kingdom",NA,7.21,8.3,10.4,11,10.1,9.09,8.56,7.99,7.62,7.29,7.09,6.92,6.94,6.8,6.6,6.44,6.25,6.24,5.94,5.5,5.2,5.08,5.17,4.91,5.07,5.34,5.18,4.92,4.73,4.68,5.02,4.98,5.38,5.4,5.51,5.32,5.06,4.69,4.21,4.04,3.98,4.12,3.86,3.59,3.38,2.85,2.72,2.56,2.5,2.42,2.37,2.41,2.49,2.55,2.5,2.43,2.36,2.36,2.48,2.64,2.57,2.49,2.41,2.28,2.17,2.03,1.96,1.92,1.92,1.98,2.24,2.22
"Bahrain","Bahrain",NA,NA,NA,NA,NA,NA,NA,NA,NA,NA,NA,NA,NA,NA,NA,NA,NA,NA,NA,NA,NA,NA,NA,NA,NA,NA,1.53,1.75,2.08,4.96,5.89,5.7,6.9,8.54,4.79,4.18,4.59,5.84,5.25,5.6,5.64,5.28,5.7,5.88,5.37,5.11,5.18,5.27,5.07,5.33,5.5,3.96,4.15,4.61,4.66,4.04,3.21,3.1,2.96,2.8,3.61,3.28,3.59,3.84,4.14,4.42,4.63,4.67,4.34,4.07,4.06,4.07,3.56
"Egypt","Egypt",NA,NA,NA,NA,NA,NA,NA,NA,NA,NA,NA,NA,NA,6.68,8.66,10.3,10.1,8.72,8.91,11.1,14.3,16,17.2,13.6,13.5,17.3,15.4,13.7,13.1,9.94,6.47,6.16,7.42,7.19,7.96,8.27,7.86,7.5,6.53,5.06,3.97,3.47,3.61,3.22,3.1,3.15,3.08,2.97,2.84,2.66,2.57,2.55,2.99,3.28,3.18,2.88,2.71,2.61,2.38,2.18,2.03,1.95,1.84,1.65,1.61,1.69,1.72,1.67,1.42,1.25,1.18,1.22,1.3
"Iran","Iran",NA,NA,NA,NA,NA,NA,NA,NA,NA,NA,NA,2.29,2.35,2.31,2.59,2.88,3.25,3.82,4.46,5.18,5.97,5.86,3.05,2.28,1.86,8.75,12.1,11.2,10.2,11.1,5.8,5.34,8.19,7.91,7.1,6.35,6.51,6.08,5.89,6.27,4.56,2.94,2.17,1.79,1.7,2.07,2.15,2.24,2.5,2.63,2.4,2.3,2.42,2.17,2.41,2.83,3.04,3.32,2.65,2.68,3.05,2.79,2.38,2.76,2.24,2.28,2.76,2.97,3.11,2.46,2.1,2.16,2.3
"Iraq","Iraq",NA,NA,NA,NA,NA,NA,NA,NA,6.54,6.08,6.71,7.05,6.85,6.91,8.25,7.96,8.87,8.52,8.43,9.22,11.4,11.2,10.5,10.6,12.3,12.5,11.7,11.2,9.81,8.12,6.15,5.51,10.8,NA,NA,NA,NA,NA,NA,NA,NA,NA,NA,NA,NA,NA,NA,NA,NA,NA,NA,NA,NA,NA,NA,1.68,2.24,1.9,2.24,2.37,2.9,2.71,2.3,1.9,3.32,2.95,5.41,3.5,3.86,2.85,3.38,3.27,2.28
"Israel","Israel",NA,NA,NA,NA,NA,NA,NA,NA,NA,NA,NA,7.46,7.87,9.16,9.75,8.98,8.57,9.43,15.4,17.4,19.1,23.4,22.8,20.4,27.9,27.7,30.5,29.2,23.1,22.9,19.4,18.9,20.3,18.4,15.5,16.2,16.6,14.8,16.9,15.9,12.4,12.4,15.6,10.9,11.5,10.1,7.92,7.73,7.48,6.98,6.53,6.3,6.51,6.59,6.49,6.36,6.26,6.05,6.37,6.39,6.15,5.94,5.77,5.64,5.55,5.73,5.49,5.47,5.48,5.33,5.11,5.36,5.17
"Jordan","Jordan",NA,NA,NA,NA,NA,NA,NA,NA,NA,NA,22.5,20.4,16.5,18.1,17.1,14.8,13.4,19.5,23.5,24.1,NA,18.5,17.2,18.4,18.7,17.5,15.2,17.2,12.5,11.7,12.2,10.6,10,9.94,9.85,9.22,10,9.77,9.58,9.36,9.07,7.75,9.97,6.92,6.98,6.54,4.45,6.03,6.13,6.27,6.28,6.26,5.89,5.45,6,5.14,4.8,4.66,6.03,6.18,6.58,5.9,5.5,4.69,4.24,4.26,4.26,4.51,4.76,4.64,4.64,4.91,5.02
"Kuwait","Kuwait",NA,NA,NA,NA,NA,NA,NA,NA,NA,NA,NA,NA,NA,NA,NA,NA,NA,NA,NA,NA,NA,2.39,1.89,2.04,2.52,3.28,NA,NA,5.29,4.76,3.55,3.31,4.13,5.95,6.83,6.75,6.43,7.24,5.98,8.24,8.54,48.5,117,31.8,12.4,13.3,13.6,10.3,8.09,8.8,7.59,7.15,7.7,7.4,6.54,5.8,4.34,3.54,3.59,3.01,3.97,3.76,3.5,3.41,3.27,3.59,5.01,5.89,5.61,5.1,5.48,6.5,6.69
"Lebanon","Lebanon",NA,NA,NA,NA,NA,NA,NA,NA,NA,NA,NA,NA,NA,NA,NA,3.66,3.89,4.16,4.84,4.84,4.64,4.34,4,5.09,3.82,NA,NA,12.1,4.73,8.49,10.1,12.4,9.58,9.29,13.5,11,6.29,5.26,1.12,1.19,NA,7.55,5.15,7.98,6.01,7,6.71,5.66,4.31,4.02,4.77,5.39,5.45,4.75,4.68,4.51,4.48,4.58,4.63,4,4.02,4.13,4.06,3.99,4.17,4.68,4.49,5.06,4.51,4.95,4.71,3.03,NA
"Oman","Oman",NA,NA,NA,NA,NA,NA,NA,NA,NA,NA,NA,NA,NA,NA,NA,NA,NA,NA,NA,NA,NA,NA,9.65,14.9,18.6,15.5,25,23,18.8,20.9,15.6,14.9,15.7,16.7,17.2,16.9,15.6,15.9,13.2,13.7,12.5,12.4,11.1,12.2,11.5,11.8,11,9.41,9.36,9.46,8.63,8.09,9.36,9.28,9.1,9.01,8.81,8.12,7.71,5.69,6.96,6.44,7.35,12.1,11.1,10.1,10.9,12.1,9.64,9.54,8.64,9.85,7.34
"Qatar","Qatar",NA,NA,NA,NA,NA,NA,NA,NA,NA,NA,NA,NA,NA,NA,NA,NA,NA,NA,NA,NA,NA,NA,NA,NA,NA,NA,NA,NA,NA,NA,NA,7.87,12.2,19.3,14,12.7,24.8,NA,15.9,16.3,13.1,10.7,13,NA,NA,NA,NA,NA,NA,NA,NA,NA,NA,3.93,3.33,2.43,1.99,1.75,1.96,2.01,1.99,1.47,NA,NA,NA,NA,NA,NA,NA,NA,NA,NA,4.81
"Saudi Arabia","Saudi Arabia",NA,NA,NA,NA,NA,NA,NA,NA,NA,NA,NA,NA,NA,NA,5.9,5.97,7.69,11.3,11.5,8.09,9.57,9.4,8.64,10.1,10.8,NA,NA,NA,15.6,16.7,15.8,12.6,13.3,17.7,17,19,17,NA,16.9,15.2,13.4,14,12.5,11.3,12.5,10.6,9.28,8.47,11,14.3,11.4,10.5,11.4,9.76,8.69,8.08,7.73,7.85,8.53,7.35,9.62,8.57,7.23,7.68,8.98,10.7,13.3,9.87,10.2,9.49,8.24,9.22,6.59
"Syria","Syria",NA,NA,NA,NA,NA,NA,NA,NA,NA,NA,NA,10.5,9.54,13.5,NA,8.64,8.88,7.75,8.21,12.2,10.8,11.2,8.44,10.8,15.1,12.7,15.9,14.7,14.5,14.7,15.9,17.2,14.5,15.6,14.6,17.7,16.6,14.4,11.2,7.85,7.97,6.87,10.4,8.99,7.24,7.36,6.95,6.04,5.88,5.81,5.81,5.45,5.48,5.41,6.25,5.54,5.03,4.39,4.1,3.55,4.03,4.06,NA,NA,NA,NA,NA,NA,NA,NA,NA,NA,NA
"Turkey","Turkey",NA,NA,NA,NA,NA,NA,NA,NA,NA,NA,NA,3.53,3.76,3.71,3.39,3.42,3.55,3.14,3.26,3.28,3.08,3.26,3.5,3.45,3.35,3.19,5.12,4.94,4.71,4.19,3.36,3.9,3.82,4.3,3.94,3.6,3.53,3.64,3.33,2.93,3.15,3.53,3.75,3.87,3.92,4.05,3.9,4.14,4.1,3.18,3.89,3.66,3.6,3.8,3.3,2.7,2.41,2.36,2.22,2.2,2.49,2.27,2.03,2.01,1.92,1.87,1.81,2.05,2.05,2.52,2.69,2.43,2.06
"United Arab Emirates","United Arab Emirates",NA,NA,NA,NA,NA,NA,NA,NA,NA,NA,NA,NA,NA,NA,NA,NA,NA,NA,NA,NA,NA,NA,NA,NA,NA,NA,NA,NA,NA,NA,NA,NA,NA,NA,NA,NA,NA,NA,NA,NA,NA,NA,NA,NA,NA,NA,NA,NA,6.76,8.63,7.67,8.32,5.61,4.88,4.69,4.61,3.66,3.23,3.28,3.67,5.46,6.04,5.47,5.08,6.03,5.64,NA,NA,NA,NA,NA,NA,NA
"Yemen, North","Yemen, North",NA,NA,NA,NA,NA,NA,NA,NA,NA,NA,NA,NA,NA,NA,NA,NA,NA,NA,NA,NA,NA,NA,NA,NA,NA,NA,NA,NA,NA,NA,NA,NA,NA,NA,NA,NA,NA,NA,NA,NA,NA,NA,NA,NA,NA,NA,NA,NA,NA,NA,NA,NA,NA,NA,NA,NA,NA,NA,NA,NA,NA,NA,NA,NA,NA,NA,NA,NA,NA,NA,NA,NA,NA
"Yemen","Yemen",NA,NA,NA,NA,NA,NA,NA,NA,NA,NA,NA,NA,NA,NA,NA,NA,NA,NA,NA,NA,NA,NA,NA,NA,NA,NA,NA,NA,NA,NA,NA,NA,NA,NA,NA,NA,NA,NA,NA,NA,NA,6.55,7.01,7.28,7.06,8.4,6.35,5.28,5.81,6.08,5.17,4.92,5.48,6.9,6.85,5.3,4.87,4.31,4.85,4.45,5.65,4.69,4.93,4.57,4.08,3.97,NA,NA,NA,NA,NA,NA,NA
