"","X1949","X1950","X1951","X1952","X1953","X1954","X1955","X1956","X1957","X1958","X1959","X1960","X1961","X1962","X1963","X1964","X1965","X1966","X1967","X1968","X1969","X1970","X1971","X1972","X1973","X1974","X1975","X1976","X1977","X1978","X1979","X1980","X1981","X1982","X1983","X1984","X1985","X1986","X1987","X1988","X1989","X1990","X1991","X1992","X1993","X1994","X1995","X1996","X1997","X1998","X1999","X2000","X2001","X2002","X2003","X2004","X2005","X2006","X2007","X2008","X2009","X2010","X2011","X2012","X2013","X2014","X2015","X2016","X2017","X2018","X2019","X2020","X2021","Country"
"Algeria",NA,NA,NA,NA,NA,NA,NA,NA,NA,NA,NA,NA,NA,NA,"2","3","3","3","3","2","2","2","2","2","2","2","2","2","2","2","2","2","2","2","2","2","2","2","2","2","2","2","2","2","2","3","2","3","3","3","3","3","3","3","3","3","2","2","2","3","3","3","3","3","3","4","4","4","4","4","4","4","4","Algeria"
"Libya",NA,NA,NA,NA,NA,NA,NA,NA,NA,NA,NA,"2","2","3","2","2","2","2","3","2","3","4","4","3","3","3","2","2","2","3","3","2","2","2",NA,NA,NA,NA,NA,NA,NA,NA,NA,NA,NA,NA,NA,NA,"3","4","3","3","2","2","2","2","2","2","1","2",NA,NA,NA,"3","5","5",NA,NA,NA,NA,NA,NA,NA,"Libya"
"Morocco",NA,NA,NA,NA,NA,NA,NA,"2","2","2","2","2","2","2","3","2","2","2","2","3","2","2","2","2","3","3","3","4","4","4","4","4","4","4","3","3","4","3","3","3","3","3","3","3","3","3","3","3","3","3","2","2","3","3","3","3","3","3","3","3","3","3","3","3","3","3","3","3","3","3","3","3","3","Morocco"
"Tunisia",NA,NA,NA,NA,NA,NA,NA,NA,NA,NA,NA,"2","2","2","2","2","2","2","2","2","2","2","2","2","2","2","2","2","2","2","2","2","2","3","3","2","2","2","2","2","2","2","2","2","2","2","2","2","2","2","2","2","2","2","2","2","2","2","2","2","2","2","2","2","2","2","2","2","2","2","2","2","2","Tunisia"
"Angola",NA,NA,NA,NA,NA,NA,NA,NA,NA,NA,NA,NA,NA,NA,NA,NA,NA,NA,NA,NA,NA,NA,NA,NA,NA,NA,NA,NA,NA,NA,NA,NA,NA,NA,NA,NA,"2","2","5","5","5","5","5","4","5","4","3","2","4","2","5","4","3","2","3","3","3","3","3","3","3","3","3","3","3","3","3","2","2","2","2","2","2","Angola"
"Benin",NA,NA,NA,NA,NA,NA,NA,NA,NA,NA,NA,"1","2","2","2","2","2","2","2","2","2","2","2","2","2","2","2","2","2","2","2","2","2","2","2","2","2","2","2","2","2","2",NA,NA,NA,NA,NA,NA,NA,NA,"1","1","1","1","1","1","1","1",NA,"1",NA,NA,NA,"1","1","1","1","1","1","1","1","1","1","Benin"
"Botswana",NA,NA,NA,NA,NA,NA,NA,NA,NA,NA,NA,NA,NA,NA,NA,NA,NA,NA,NA,NA,NA,NA,NA,NA,NA,NA,NA,NA,"2","2","3","3","2","2","2","2","2","2","3","3","3","3","3","3","3","3","3","2","3","3","3","3","3","3","3","3","2","2","2","3","3","2","2","2","2","2","2","3","3","2","2","3","2","Botswana"
"Burkina Faso",NA,NA,NA,NA,NA,NA,NA,NA,NA,NA,NA,"1","1","2","2","2","2","2","2","2","2","2","2","2","2","2","2","3","3","3","2","2","2","3","2","3","2","2","2","2","2","2","2","2","2","2","2","2","2","2","2","2","2","2","2","2","2","2","2","2","2","2","2","2","2","2","2","2","2","2","2","2","2","Burkina Faso"
"Burundi",NA,NA,NA,NA,NA,NA,NA,NA,NA,NA,NA,NA,NA,"3","1","1","2","2","2","2","2",NA,"2","2","2","2","2","2","2","2","2","2","3","3","3","2","2","2","2","3","3","3","3","3","3","3","3","4","4","4","4","3","4","4","4","3","3","3","3","2",NA,NA,NA,"2","2","2","2","2","2","2","2","2","2","Burundi"
"Cameroon",NA,NA,NA,NA,NA,NA,NA,NA,NA,NA,NA,NA,NA,NA,NA,NA,NA,NA,NA,NA,NA,"2","2","2","2","2","2","2","2","2","2","2","2","2","2","2","2","2","2","2","2","2","2","2","2","2","2","2","2","2","2","2","2","2","2","2","2","2","2","2","2","2","2","2","2","2","2","2","2","2","2","2","2","Cameroon"
"Cape Verde",NA,NA,NA,NA,NA,NA,NA,NA,NA,NA,NA,NA,NA,NA,NA,NA,NA,NA,NA,NA,NA,NA,NA,NA,NA,NA,NA,NA,NA,NA,NA,NA,NA,NA,NA,"2","2","2","2","2",NA,NA,NA,"1","1","1","2","1","1","1","1","2","1","1","1","1","1","1","1","1","1","1","1","1","1","1","1","1","1","1","1","1","1","Cape Verde"
"Central African Republic",NA,NA,NA,NA,NA,NA,NA,NA,NA,NA,NA,NA,NA,NA,NA,NA,NA,NA,NA,NA,NA,NA,NA,NA,NA,NA,NA,NA,NA,NA,NA,NA,NA,NA,NA,NA,NA,NA,NA,NA,NA,NA,"2","2","2","2","2","2",NA,NA,NA,NA,NA,"2","2","2","2",NA,"2","2","2","2","2","2","3","2","2","2","2","2","2","2","2","Central African Republic"
"Chad",NA,NA,NA,NA,NA,NA,NA,NA,NA,NA,NA,NA,NA,NA,NA,NA,NA,NA,NA,NA,NA,NA,NA,NA,NA,NA,NA,NA,NA,NA,NA,NA,NA,NA,"3","3","3","3","2","4","3","2",NA,"2","2","2","2","2","2","1","2","2","2","2","2","2","1","2","3","4","5","4","4",NA,"4","2","2","3","2","2","2","3","2","Chad"
"Congo, DR",NA,NA,NA,NA,NA,NA,NA,NA,NA,NA,NA,NA,NA,NA,NA,"3",NA,"3",NA,"3","3","4","3","3","3","4","3","3","3","3","2",NA,NA,NA,NA,NA,NA,NA,NA,NA,NA,NA,NA,NA,"4",NA,NA,"2","2","1","2","1",NA,NA,"1","2","2","2","2","1","1","1","1","2","2","1","2","2","1","1","1","1","1","Congo, DR"
"Congo, Republic",NA,NA,NA,NA,NA,NA,NA,NA,NA,NA,NA,NA,NA,NA,NA,NA,NA,NA,NA,NA,NA,"3","3","3","3","3","3","3","3","3","3","3","3","3",NA,"2","2",NA,"3",NA,NA,NA,NA,"3","3",NA,NA,NA,NA,NA,NA,NA,"2","2","2","2","2","2","2","2",NA,"2",NA,NA,"2","4",NA,"4","3","2","2","3","2","Congo, Republic"
"Cote d'Ivoire",NA,NA,NA,NA,NA,NA,NA,NA,NA,NA,NA,NA,NA,"2","1","2","2","2","2","2","2","2","2","2","2","2","2","2","1","2","2","2","2","2","2","2","1","2","2","2","2","2","2","2","2","2",NA,"1","1",NA,NA,NA,NA,NA,"2","2","2","2","2","2","2","2","2","2","2","2","2","2","2","2","2","2","2","Cote d'Ivoire"
"Djibouti",NA,NA,NA,NA,NA,NA,NA,NA,NA,NA,NA,NA,NA,NA,NA,NA,NA,NA,NA,NA,NA,NA,NA,NA,NA,NA,NA,NA,NA,"1","1","1","2","5","5",NA,NA,NA,NA,NA,NA,NA,"4","4","4","4","4","4","4","4","4","4",NA,NA,NA,"4","4","4","3","3",NA,NA,NA,NA,NA,NA,NA,NA,NA,NA,NA,NA,NA,"Djibouti"
"Equatorial Guinea",NA,NA,NA,NA,NA,NA,NA,NA,NA,NA,NA,NA,NA,NA,NA,NA,NA,NA,NA,NA,NA,NA,NA,NA,NA,NA,NA,NA,NA,NA,NA,NA,NA,NA,NA,NA,NA,NA,NA,NA,NA,NA,NA,NA,NA,"2","2",NA,NA,NA,NA,NA,NA,NA,NA,NA,NA,NA,"2","2","2",NA,NA,NA,NA,"1","2","2","2","2","2","2","2","Equatorial Guinea"
"Eritrea",NA,NA,NA,NA,NA,NA,NA,NA,NA,NA,NA,NA,NA,NA,NA,NA,NA,NA,NA,NA,NA,NA,NA,NA,NA,NA,NA,NA,NA,NA,NA,NA,NA,NA,NA,NA,NA,NA,NA,NA,NA,NA,NA,NA,"5","5","5","5","5","5","5","5","5","5","5",NA,NA,NA,NA,NA,NA,NA,NA,NA,NA,NA,NA,NA,NA,NA,NA,NA,NA,"Eritrea"
"Ethiopia",NA,NA,NA,NA,NA,NA,NA,NA,NA,NA,NA,NA,"2","2","2","2","3","3","2","2","2","2","2","2","2","2","3","3","3","3","4","5","5","5","5","5","4","4","4","5","5","5","4","3","3","2","2","2","3","5","5","5","3","3","3","3","2","2","2","2","2","2","2","1","1","1","1","1","1","1","1","1","1","Ethiopia"
"Gabon",NA,NA,NA,NA,NA,NA,NA,NA,NA,NA,NA,NA,NA,NA,NA,NA,NA,NA,"2","2","2","2","2","2","2","1","1","1","2",NA,"2","2","2","2","2","2","2","3",NA,NA,NA,NA,NA,NA,NA,NA,NA,NA,NA,NA,NA,"2","2","2","2","2","2","2",NA,NA,NA,"2","2","2","2","2","2","2","2","2","2","2","2","Gabon"
"Gambia, The",NA,NA,NA,NA,NA,NA,NA,NA,NA,NA,NA,NA,NA,NA,NA,NA,NA,NA,NA,NA,NA,NA,NA,NA,NA,NA,NA,NA,NA,NA,NA,NA,NA,NA,"1","1","1","1","1","1","1","1","1","1","1","1","1","1","1","1","1","1","1","1","1","1","1","1","1","2","1",NA,NA,"1","1","2","2",NA,NA,"1","1","1","1","Gambia, The"
"Ghana",NA,NA,NA,NA,NA,NA,NA,NA,NA,"2","2","2","2","2","2","2","2","2",NA,"2","2","2","2","2","2","2","2","2","2","1","1","1","1",NA,"1","1","2","1","1","1","1","1","1","1","1","1","1","1","1","1","1","1","1","1","1","1","1","1","1","1","1","1","1","1","1","1","1","1","1","1","1","1","1","Ghana"
"Guinea",NA,NA,NA,NA,NA,NA,NA,NA,NA,NA,NA,NA,NA,NA,NA,NA,NA,NA,NA,NA,NA,NA,NA,NA,NA,NA,NA,NA,NA,NA,NA,"1","1","1",NA,NA,NA,NA,NA,NA,NA,NA,"2","2","2","2",NA,NA,"2","2","2","2","3","3","2","2",NA,NA,NA,NA,NA,NA,NA,"2","2","2","2","2","2","2","2","2","2","Guinea"
"Guinea-Bissau",NA,NA,NA,NA,NA,NA,NA,NA,NA,NA,NA,NA,NA,NA,NA,NA,NA,NA,NA,NA,NA,NA,NA,NA,NA,NA,NA,NA,NA,NA,NA,NA,NA,"1","1","1","1","1","1",NA,"1",NA,NA,NA,NA,"1","1","1","1","2",NA,"2","2","2","2",NA,"2",NA,NA,NA,"2","2","2","2","2","2","2","2","2","2","2","2","2","Guinea-Bissau"
"Kenya",NA,NA,NA,NA,NA,NA,NA,NA,NA,NA,NA,NA,NA,NA,"1","1","1","2","2","2","2","2","2","2","2","2","2","2","3","4","4","3","3","3","3","3","2","2","3","2","2","2","2","2","2","2","2","2","2","2","2","2","2","2","2","2","2","2","2","2","2","2","2","2","2","2","2","2","2","2","2","2","2","Kenya"
"Lesotho",NA,NA,NA,NA,NA,NA,NA,NA,NA,NA,NA,NA,NA,NA,NA,NA,NA,NA,NA,NA,NA,NA,NA,NA,NA,NA,NA,"2","2","2","2","3","3","3","3","3","3","3","3","3","3","3","2","2","2","2","3","2","2","2","3","3","2","2","2","2","2","2","2","2","2","2","2","2","2","2","2","2","2","2","2","2","2","Lesotho"
"Liberia",NA,NA,NA,NA,NA,NA,NA,NA,NA,NA,NA,NA,NA,NA,NA,NA,"2","2","2","2","1","2","2","2","1","1","1","2","2","2","2","2","3","4","3","2","2","2","2","2",NA,NA,"5","5","5","5",NA,NA,NA,NA,NA,NA,NA,NA,NA,"1","1","1","1","1","1","1","2","2","2","2","2","2","1","1","1","1","1","Liberia"
"Madagascar",NA,NA,NA,NA,NA,NA,NA,NA,NA,NA,NA,NA,"2","2","2","2","2","2","2","2","2","2","2","2","2","2","2","2","2","2","2","2","2",NA,NA,"2","2","2","2","2","2","2","2","1","2","1","1","2","2","2","2","2","2","2","2","2","2","1","2","2","1","1","1","1","1","1","1","1","1","1","1","1","1","Madagascar"
"Malawi",NA,NA,NA,NA,NA,NA,NA,NA,NA,NA,NA,NA,NA,NA,NA,NA,"1","1","1","1","1","1","1","1","2","1","2","2","2","2","3","3","3","2","2","2","2","2","2","2","2","2","2","2","2","2","1","1","1","1","1","1","1","1","1","1","2","1","1","1","1","1","1","1","2","1","1","1","1","1","2","2","1","Malawi"
"Mali",NA,NA,NA,NA,NA,NA,NA,NA,NA,NA,NA,NA,"2","2","2","2","2","2","2","2","2","2","2","2","2","2","3","2","3","3","2","2","2","2","2","2","2","2","2","2","2","2",NA,NA,"2","2","2","2","2","2","2","2","2","2","2","2","2","2","2","2","2","2","2","2","2","2","2","2","3","2","2","3","2","Mali"
"Mauritania",NA,NA,NA,NA,NA,NA,NA,NA,NA,NA,NA,NA,NA,NA,NA,NA,NA,NA,NA,NA,NA,NA,NA,NA,NA,NA,NA,NA,NA,NA,NA,NA,NA,NA,NA,NA,"4","4","3","3","3","3","3","2","2","2","2","2","2","2","2","2","3","2","3","3","3","2",NA,"3","3",NA,NA,"2","2","2","2","2","2","2","2","2","2","Mauritania"
"Mauritius",NA,NA,NA,NA,NA,NA,NA,NA,NA,NA,NA,NA,NA,NA,NA,NA,NA,NA,NA,"1","1","1","1","1","1","1","1","1","1","1","1","1","1","1","1","1","1","1","1","1","1","1","1","1","1","1","1","1","1","1","1","1","1","1","1","1","1","1","1","1","1","1","1","1","1","1","1","1","1","1","1","1","1","Mauritius"
"Mozambique",NA,NA,NA,NA,NA,NA,NA,NA,NA,NA,NA,NA,NA,NA,NA,NA,NA,NA,NA,NA,NA,NA,NA,NA,NA,NA,NA,NA,NA,NA,NA,"3","3","3","4","5","4","4","4","4","4","4","2","2","2","3","2","2","2","2","2","2","2","2","2","2","1","1","1","1","1","1","1","1","1","1","1","1","1","2","2","2","2","Mozambique"
"Namibia",NA,NA,NA,NA,NA,NA,NA,NA,NA,NA,NA,NA,NA,NA,NA,NA,NA,NA,NA,NA,NA,NA,NA,NA,NA,NA,NA,NA,NA,NA,NA,NA,NA,NA,NA,NA,NA,NA,NA,NA,NA,NA,"4","3","2","2","2","2","2","2","3","2","3","2","2","2","2","2","2","3","3","3","3","3","3","3","3","3","3","3","3","3","3","Namibia"
"Niger",NA,NA,NA,NA,NA,NA,NA,NA,NA,NA,NA,NA,NA,NA,NA,NA,NA,NA,NA,NA,NA,NA,NA,NA,NA,NA,"1","1","1","1","1","1","1","1","1","1","1","1","1",NA,NA,NA,NA,NA,NA,"2","1","1","1","2","2","2","2","1","1","2","1",NA,NA,"1","1","2","2","2","2","2",NA,"2","2","2","2","2","2","Niger"
"Nigeria",NA,NA,NA,NA,NA,NA,NA,NA,NA,NA,NA,"1","1","2","2","2","2","2","4","5","5","4","3","4","4","3","5","4","4","4","3","3","2","2","2","2","2","2","1","1","1","1","1","1","1","1","1","1","1","1","1","1","1","1","1","1","1","1","1","1","1","1","1","1","1","1","1","1","1","1","1","1","1","Nigeria"
"Rwanda",NA,NA,NA,NA,NA,NA,NA,NA,NA,NA,NA,NA,NA,NA,NA,NA,NA,NA,NA,NA,NA,NA,NA,NA,"2","2","2","2","2","2","2","2","2","2","2","2","2","2","2","2","2","3","4","3","3","3","1","4","3","3","3","3","3","3","2","2","2","2","2","2","2","2","2","2","2","2","2","2","2","2","2","2","2","Rwanda"
"Senegal",NA,NA,NA,NA,NA,NA,NA,NA,NA,NA,NA,NA,NA,NA,NA,NA,NA,NA,NA,NA,NA,NA,NA,NA,NA,NA,NA,NA,NA,NA,"3","2","2","2","2","2","2","2","2","2","2","2","2","2","2","2","2","2","2","2","2","2","2","2","2","2","2","2","2","2","2","2","2","2","2","2","2","2","2","2","2","2","2","Senegal"
"Seychelles",NA,NA,NA,NA,NA,NA,NA,NA,NA,NA,NA,NA,NA,NA,NA,NA,NA,NA,NA,NA,NA,NA,NA,NA,NA,NA,NA,NA,NA,NA,NA,NA,NA,NA,NA,NA,"3","3","3","3","3","3","3","3","2","2","2","2","2","2","2","2","2","2","2","2","2","2","2","2","2","1","1","1","2","2","2","2","2","2","2","2","2","Seychelles"
"Sierra Leone",NA,NA,NA,NA,NA,NA,NA,NA,NA,NA,NA,NA,"1","1","1","1","1","1","1","1","1","1","1","1","2","2","2","2","2","1","2","2","2","2","2","1","1","2","1","1","2","2","2","2","2","2","2","2","1","2","2","2","2","2","2","2","2","2","2","1","2","1","1","1","1","1","1","2","2","1","1","1","1","Sierra Leone"
"Somalia",NA,NA,NA,NA,NA,NA,NA,NA,NA,NA,NA,NA,"1","1","1","1","1","1","1","1","1","1","1","1","1","1","1","1","1","1","1","1","1","1","1","1","1","5","5","5","2",NA,NA,NA,NA,NA,NA,NA,NA,NA,NA,NA,NA,NA,NA,NA,NA,NA,NA,NA,NA,NA,NA,NA,NA,NA,NA,NA,NA,NA,NA,NA,NA,"Somalia"
"South Africa",NA,NA,"2","2","2","2","2","2","2","1","1","1","2","2","2","2","2","2","2","2","2","2","2","2","2","3","3","3","4","3","3","3","3","3","3","3","3","3","3","3","3","3","3","2","2","2","2","2","2","2","2","2","2","2","2","2","2","2","2","2","2","2","2","2","2","2","2","2","2","1","1","2","1","South Africa"
"South Sudan",NA,NA,NA,NA,NA,NA,NA,NA,NA,NA,NA,NA,NA,NA,NA,NA,NA,NA,NA,NA,NA,NA,NA,NA,NA,NA,NA,NA,NA,NA,NA,NA,NA,NA,NA,NA,NA,NA,NA,NA,NA,NA,NA,NA,NA,NA,NA,NA,NA,NA,NA,NA,NA,NA,NA,NA,NA,NA,NA,"4","3","3","4","5","4","5","5","3","2","3","3","2","2","South Sudan"
"Sudan",NA,NA,NA,NA,NA,NA,NA,"2","2","2","2","2","2","2","2","3","3","3","3","3","4","3","3","3","3","2","2","2","2","2","2","2","2","2","3","3","3","3","2","3",NA,NA,NA,NA,NA,NA,NA,NA,"1","2","3","3","2","3","2","4","3","3","4","3","4",NA,NA,NA,NA,NA,"2","2","3","2","2","2","2","Sudan"
"Eswatini",NA,NA,NA,NA,NA,NA,NA,NA,NA,NA,NA,NA,NA,NA,NA,NA,NA,NA,NA,NA,NA,NA,NA,NA,NA,NA,NA,NA,"2","2","2","2","2","2","2","2","2","2","2","2","2","2","2","2","2","2","2","2","2","2","2","2","2","2","2","2","2","2","2","2","2","2","2","2","2","2","2","2","2","2","2","2","2","Eswatini"
"Tanzania",NA,NA,NA,NA,NA,NA,NA,NA,NA,NA,NA,NA,NA,NA,NA,NA,NA,NA,"2","2","2","2","3","3","3","4","4","3","4","5","5","3","4","4","4","4","4","4","3","2","2","2","2","2","2","2","2","2","2","2","2","2","2","2","2","1","1","1","1","1","1","1","1","1","1","2","2","2","2","2","2","2","2","Tanzania"
"Togo",NA,NA,NA,NA,NA,NA,NA,NA,NA,NA,NA,NA,"1","1","1","2","2","2","2","2","2","2","2","2","2","2","2","2","3","2","2","2","2","2","2","2","2","2","3","3","3","3","2","2","3","2","2",NA,NA,NA,NA,NA,NA,NA,"2","2","2",NA,NA,"2","2","2","2","2","2","2","2","2","2","2","3","2","2","Togo"
"Uganda",NA,NA,NA,NA,NA,NA,NA,NA,NA,NA,NA,NA,NA,"1","1","1","2","2","2","2","2","2","3","3","3","3","2","3","2","2","2","2","2","2","2","2","2","2","2","2","2","2","2","2","2","2","2","2","2","2","2","2","2","2","2","2","2","2","2","2","2","2","2","2","1","1","2","2","2","2","2","2","2","Uganda"
"Zambia",NA,NA,NA,NA,NA,NA,NA,NA,NA,NA,NA,NA,NA,NA,NA,NA,NA,NA,NA,NA,NA,NA,NA,NA,NA,NA,NA,NA,NA,NA,NA,NA,NA,NA,NA,"3","2","3","3","2","3","3","2","2","2","2","2","2","2",NA,"2",NA,NA,NA,NA,"2","2","2","2","2","2","2","2","2","2","2","2","2","2","2","2","2","2","Zambia"
"Zimbabwe",NA,NA,NA,NA,NA,NA,NA,NA,NA,NA,NA,NA,NA,NA,NA,NA,"2","2","2","2","2","2","2","2","2","2","3","3","4","5","5","4","3","4","4","4","4","4","4","4","3","3","3","3","3","3","3","2","2",NA,"2","3","2","4","2","2","2","2",NA,NA,NA,"1","2","2","2","2","2","2","1","1","1","1","1","Zimbabwe"
"Belize",NA,NA,NA,NA,NA,NA,NA,NA,NA,NA,NA,NA,NA,NA,NA,NA,NA,NA,NA,NA,NA,NA,NA,NA,NA,NA,NA,NA,NA,NA,NA,NA,"2","2","2","2","2",NA,NA,NA,"2","2","2","2","2","2","2","2","2",NA,NA,"1","1","1","1","1","1","2","2","2","2","2","2","1","2","2","2","2","2","2","2","2","2","Belize"
"Costa Rica",NA,NA,NA,NA,NA,NA,NA,NA,NA,NA,NA,NA,NA,NA,NA,NA,NA,NA,NA,NA,NA,NA,NA,NA,NA,NA,NA,NA,NA,NA,NA,NA,NA,NA,NA,NA,NA,NA,NA,NA,NA,NA,NA,NA,NA,NA,NA,NA,NA,NA,NA,NA,NA,NA,NA,NA,NA,NA,NA,NA,NA,NA,NA,NA,NA,NA,NA,NA,NA,NA,NA,NA,NA,"Costa Rica"
"Cuba",NA,NA,NA,NA,NA,NA,NA,NA,NA,NA,NA,NA,NA,NA,NA,NA,NA,NA,NA,NA,NA,NA,NA,NA,NA,NA,NA,NA,NA,NA,NA,NA,NA,NA,NA,NA,NA,NA,NA,NA,NA,NA,NA,NA,NA,NA,NA,NA,NA,NA,NA,NA,NA,NA,NA,NA,NA,NA,NA,NA,"3","3","3","3","3","3","3","3","2","2",NA,NA,NA,"Cuba"
"Dominican Republic",NA,NA,NA,NA,NA,NA,NA,NA,NA,"4",NA,"4","4","3","3","3","3","3","3","3","2","2","2","2","2","2","2","2","2","2","2","2","2","2","2","2","2","2","2","1","1","1","1","1","1","1","1","1","1","1","1","2","2","2","1","1","1","1","1","1","1","1","1","1","1","1","1","1","1","1","1","1","1","Dominican Republic"
"El Salvador",NA,NA,NA,NA,NA,NA,NA,NA,NA,NA,NA,NA,NA,NA,NA,NA,"1","1","1","1","1","1","1","1","1","1","1","1","1","2","2","2","2","2","3","4","4","3","3","3","3","3","2","2","2","2","2","2","2","1","1","1","2","2","1","1","1","1","1","1","2","2","2","2","2","2","2","2","2","2","2","2","2","El Salvador"
"Guatemala",NA,NA,NA,NA,NA,NA,"2","2","2","2","2","2","2","2","2","2","2","2","2","2","2","2","2","2","1","1","2","2","2","2","2","2","2","2","2","2","2","2","2","2","2","2","2","2","2","2","2","1","1","1","1","1","2","1","1","1","1","1","1","1","1","1","1","1","1","1","1","1","1","1","1","1","1","Guatemala"
"Haiti",NA,NA,NA,NA,NA,NA,NA,NA,NA,NA,NA,NA,NA,NA,NA,NA,NA,NA,NA,NA,NA,NA,NA,NA,NA,NA,NA,NA,NA,NA,NA,NA,NA,NA,NA,NA,NA,NA,NA,"1","1","1","1","1","1","1","1",NA,NA,NA,NA,NA,NA,NA,NA,NA,NA,NA,NA,NA,NA,NA,NA,NA,"1","1","1","1","1","1","1","1","1","Haiti"
"Honduras",NA,NA,"1","1","1","1","2","2","2","2","2","2","2","1","1","2","2","2","2","2","2","2","2","2","2","2","2","2","2","2","2","2","2","2","2","2","2","2","2","2","2","2","2",NA,"2",NA,NA,NA,NA,NA,NA,"1","1","1","1","1","1","1","1","1","2","2","2","2","2","2","2","2","2","2","2","2","2","Honduras"
"Jamaica",NA,NA,NA,NA,NA,NA,NA,NA,NA,NA,NA,NA,NA,NA,NA,NA,NA,NA,NA,NA,NA,NA,NA,NA,NA,NA,NA,"1","1",NA,NA,NA,"2","2","2","2","1","1","1","1","1","1","1","2","1","1","1","1","1","1","1","1","1","1","1","1","1","1","1","1","1","1","1","1","1","1","1","1","1","2","2","2","2","Jamaica"
"Mexico","1","1","1","1","1","1","1","1","1","1","1","1","1","1","1","1","1","1","1","1","1","1","1","1","1","1","1","1","1","1","1","1","1","1","1","1","1","1","1","1","1","1","1","1","1","1","1","1","1","1","1","1","1","1","1","1","1","1","1","1","1","1","1","1","1","1","1","1","1","1","1","1","1","Mexico"
"Nicaragua",NA,NA,NA,NA,NA,NA,NA,NA,NA,NA,NA,NA,NA,NA,NA,NA,NA,NA,NA,"2","2","2","2","2","2","2","2","2","2","3","3","3","3",NA,NA,NA,NA,NA,NA,NA,NA,NA,"3","2","2","2","2","1","1","1","1","1","1","1","1","1","1","1","1","1","1","1","1","1","1","1","1","1","1","1","1","1","1","Nicaragua"
"Panama",NA,NA,NA,NA,NA,NA,NA,NA,NA,NA,NA,NA,NA,NA,NA,NA,NA,NA,NA,NA,NA,NA,NA,NA,NA,NA,NA,NA,NA,NA,NA,NA,NA,NA,NA,NA,NA,NA,"2","2","2","2","2","2","2","2","2","2","2","1","1",NA,NA,NA,NA,NA,NA,NA,NA,NA,NA,NA,NA,NA,NA,NA,NA,NA,NA,NA,NA,NA,NA,"Panama"
"Trinidad and Tobago",NA,NA,NA,NA,NA,NA,NA,NA,NA,NA,NA,NA,NA,NA,NA,NA,NA,NA,NA,"1","1","1","1","1","1","1","1","1","1","1","1","1","1",NA,NA,NA,NA,NA,NA,NA,NA,NA,NA,NA,"1","1",NA,NA,NA,NA,NA,NA,"1","1","1","1","1","1","1","1","1","1","1","1","1","1","1","1","1","1","1","1","1","Trinidad and Tobago"
"Canada",NA,"2","3","4","5","4","4","4","4","3","3","3","3","3","3","3","2","2","2","2","2","2","2","2","2","2","2","2","2","2","2","2","2","2","2","2","2","2","2","2","2","2","2","2","2","2","2","2","2","2","2","2","2","2","2","2","2","2","2","2","2","2","2","2","2","1","2","2","2","2","2","2","2","Canada"
"United States of America","4","4","5","5","5","5","5","5","5","5","5","5","5","5","5","5","5","5","5","5","5","5","4","4","4","4","4","4","4","3","3","4","4","4","4","4","4","4","4","4","4","4","3","3","3","3","3","3","3","3","3","3","3","3","3","3","3","3","3","3","3","3","3","3","3","3","3","3","3","3","3","3","3","United States of America"
"Argentina",NA,"2",NA,NA,NA,NA,NA,NA,NA,NA,"1","2","2","2","2","2","2","2","2","2","2","2","2","2","2","2","2","3","3","3","3","3","3","2","2","2","2","2","2","2","2","2","2","2","2","2","2","2","2","2","2","2","2","2","2","1","1","1","1","1","1","1","1","1","1","1","1","1","1","1","1","1","1","Argentina"
"Bolivia",NA,NA,NA,NA,"1",NA,"1","1","1",NA,NA,NA,"2","2","2",NA,NA,NA,NA,"2","2","2","2","2","2","2","2","2","2","2","2","3","3","2","2","2","2","2","2","2","2","2","2","2","2","2","2","2","2","2","2","2","2","2","2","2","2","2","2","2","2","2","2","2","2","2","2","2","2","2","2","2","2","Bolivia"
"Brazil",NA,NA,NA,NA,"3",NA,NA,NA,"3","3","2","2","2","2","2","2","3","3","2","2","2","2","2","2","2","2","2","2","2","2","2","2","2","2","2","2","2","2","2","2","2","2","2","2","2","2","2","2","2","2","2","2","2","2","2","2","2","2","2","2","2","2","2","2","2","2","2","2","2","2","2","2","2","Brazil"
"Chile",NA,"2","3","2","2","2","2","2","3","2","2","3","3","3","2","2","2","2","2","2","2","3","4","4","4","5","4","4","4","4","4","4","5","5","5","5","4","4","4","3","3","3","2","2","2","2","2","2","2","2","2","2","2","2","2","2","2","2","2","2","2","2","2","2","2","2","2","2","2","2","2","2","2","Chile"
"Colombia",NA,NA,NA,NA,NA,NA,NA,NA,NA,"2","2","2","2","3","3","3","3","3","3","2","2","2","3","2","2","2","2","2","2","2","2","2","2","2","2","2","2","2","2","2","2","2","2","2","2","2","2","3","2","3","3","3","3","3","3","3","3","3","3","3","3","3","3","3","3","3","3","3","3","3","3","3","3","Colombia"
"Ecuador",NA,NA,NA,NA,"2",NA,NA,NA,"2","2","2","2","2","2","2","2","2","2","2","2","2","2","2","2","2","2","2","2","3","2","2","2","2","2","2","2","2","2","2","2","2","2","2","2","2","2","2","2","2","2","2","2","2","2","2","2","2","2","2","2","3","3","3","2","2","2","2","2","2","2","2","2","2","Ecuador"
"Guyana",NA,NA,NA,NA,NA,NA,NA,NA,NA,NA,NA,NA,NA,NA,NA,NA,NA,NA,NA,NA,NA,NA,NA,NA,"2","2","4","5","4","3","3","3","3","4","3","3","5","4","3","2","2","1","1","1","1","2","1","1",NA,NA,NA,"2","2","2","2","2","2","2","2","2","2","2","2","2","2","2","2","2","2","2","2","2","1","Guyana"
"Paraguay",NA,NA,NA,NA,NA,NA,NA,NA,NA,NA,NA,"2","2","2","2","2","2","2","3","3","3","3","3","3","3","2","3","2","2","2","2","2","2","3","3","3","3","3","2","3","2","2","2","2","2","2","2","2","2","2","2","2","2","1","1","1","1","1","1","1","1","1","1","1","1","1","2","1","1","1","1","2","1","Paraguay"
"Peru","2","2","2","2","2","2","2","2","2","2","2","2","2","2","3","3","3","2","3","2","2","3","3","3","3","3","4","4","5","4","3","3","3","4","3","3","3","3","3","2","2","2","2","2","2","2","2","2","2","2","2","2","2","2","2","2","2","2","2","2","2","2","2","2","2","2","2","2","2","2","2","2","2","Peru"
"Uruguay",NA,NA,NA,NA,NA,NA,NA,NA,NA,NA,NA,NA,NA,NA,NA,NA,NA,NA,NA,NA,NA,NA,NA,"2","3","3","3","3","3","3","3","3","4","4","4","3","3","3","3","3","3","3","2","2","2","2","2","2","2","2","2","2","2","2","2","2","2","2","2","2","2","2","2","2","2","2","2","2","2","2","2","2","2","Uruguay"
"Venezuela",NA,NA,NA,NA,NA,NA,"2","2","3","3","2","3","2","2","2","2","2","2","2","2","2","2","2","2","2","2","2","2","2","2","2","2","2","2","2","2","2","2","2","2","2","2","2","2","2","2","2","2","2","2","2","2","2","2","2","2","2","2","2","2","2","2","2","2","2","2","1","1","2","1","1",NA,NA,"Venezuela"
"Australia",NA,"2","3","4","3","3","3","3","3","3","3","2","2","2","2","2","2","3","3","3","3","2","2","2","2","2","2","2","2","2","2","2","2","2","2","2","2","2","2","2","2","2","2","2","2","2","2","2","2","2","2","2","2","2","2","2","2","2","2","2","2","2","2","2","2","2","2","2","2","2","2","2","2","Australia"
"Fiji",NA,NA,NA,NA,NA,NA,NA,NA,NA,NA,NA,NA,NA,NA,NA,NA,NA,NA,NA,NA,NA,"1","1","1","1","1","1","1","1","1","1","1","1","2","2","2","2","2","2","2","2","2","2","2","2","2","2","2","2","2","2","2","2","2","2","2","2","2","2","2","2","2","2","2","2","2","1","2","2","2","2","2","2","Fiji"
"New Zealand",NA,NA,NA,NA,NA,NA,NA,"3","2","2","2","2","2","2","2","2","2","2","2","2","2","2","2","2","2","2","2","2","2","2","2","3","2","2","2","2","2","2","2","2","2","2","2","2","2","2","2","2","2","2","2","2","2","2","2","2","2","2","2","2","2","2","2","2","2","2","2","2","2","2","2","2","2","New Zealand"
"Papua New Guinea",NA,NA,NA,NA,NA,NA,NA,NA,NA,NA,NA,NA,NA,NA,NA,NA,NA,NA,NA,NA,NA,NA,NA,NA,NA,NA,"1","2","2","2","2","2","2",NA,NA,NA,"2","2","2","2","2","2","1","1","1","2","1","2","2","1","1","1","1","1","1","1","1","1","1","1","1","1","1","1","1","1","1","1","1","1","1","1","1","Papua New Guinea"
"Afghanistan",NA,NA,NA,NA,NA,NA,NA,NA,NA,NA,NA,NA,NA,NA,NA,NA,NA,NA,NA,NA,NA,"2",NA,NA,"2","2","2","2","2",NA,NA,NA,NA,NA,NA,NA,NA,NA,NA,NA,NA,NA,NA,NA,NA,NA,NA,NA,NA,NA,NA,NA,NA,NA,NA,"2","2","2","2","2","2","2","2","2","2","2","1","1","1","2","2","2",NA,"Afghanistan"
"Bangladesh",NA,NA,NA,NA,NA,NA,NA,NA,NA,NA,NA,NA,NA,NA,NA,NA,NA,NA,NA,NA,NA,NA,NA,NA,"1","1","1","2","2","2","1","1","1","2","2","2","2","2","2","2","2","2","2","2","2","2","2","2","2","2","2","2","2","2","2","2","2","2","2","2","2","2","2","2","2","2","2","2","2","2","2","2","2","Bangladesh"
"India",NA,NA,NA,NA,NA,NA,NA,"2","2","2","2","2","2","2","3","3","3","3","3","3","3","3","3","3","3","3","3","3","3","3","3","3","3","3","3","3","3","3","3","3","3","3","2","2","2","2","2","2","2","2","2","2","2","2","2","2","2","2","2","2","3","2","2","2","2","2","2","2","2","2","2","2","2","India"
"Nepal",NA,NA,NA,NA,NA,NA,NA,NA,NA,NA,NA,NA,NA,NA,NA,NA,NA,NA,NA,NA,NA,"1","1","1","1","1","1","1","1","1","1","2","1","2","2","2","2","2","2","2","2","2","2","2","2","1","1","1","1","1","1","1","2","2","2","2","2","2","2","2","2","2","2","2","2","2","2","2","2","2","2","2","2","Nepal"
"Pakistan",NA,NA,NA,NA,"4","4","4","4","3","3","3","3","3","3","3","3","4","4","4","4","4","4","4","4","4","4","4","4","4","4","4","4","4","4","4","4","4","4","4","4","4","4","4","4","4","4","4","4","4","4","4","3","3","3","3","3","3","3","3","3","3","3","3","3","3","3","3","3","3","3","3","3","3","Pakistan"
"Sri Lanka",NA,NA,"1","1","1","1","1","1","1","2","2","2","2","2","1","1","1","1","1","1","1","1","2",NA,"1","1","1","1","1","1","1","1","1","1","1","1","3","2","3","2","2","2","3","3","3","3","4","4","3","3","3","4","3","3","2","2","2","2","3","3","3","2","2","2","2","2","2","2","2","2","2","2","2","Sri Lanka"
"China",NA,NA,NA,NA,NA,NA,NA,NA,NA,NA,NA,NA,NA,NA,NA,NA,NA,NA,NA,NA,NA,NA,NA,NA,NA,NA,NA,NA,NA,NA,NA,NA,NA,NA,NA,NA,NA,NA,NA,NA,"2","2","2","2","2","2","2","2","2","2","2","2","2","2","2","2","2","2","2","2","2","2","2","2","2","2","2","2","2","2","2","2","2","China"
"Japan",NA,NA,NA,"2","2","2","2","2","2","2","2","2","1","1","1","1","1","1","1","1","1","1","1","1","1","1","1","1","1","1","1","1","1","1","1","1","1","1","1","1","1","1","1","1","1","1","1","1","1","1","1","1","1","1","1","1","1","1","1","1","1","1","1","1","1","1","1","1","1","1","1","2","2","Japan"
"North Korea",NA,NA,NA,NA,NA,NA,NA,NA,NA,NA,NA,NA,NA,NA,NA,NA,NA,NA,NA,NA,NA,NA,NA,NA,NA,NA,NA,NA,NA,NA,NA,NA,NA,NA,NA,NA,NA,NA,NA,NA,NA,NA,NA,NA,NA,NA,NA,NA,NA,NA,NA,NA,NA,NA,NA,NA,NA,NA,NA,NA,NA,NA,NA,NA,NA,NA,NA,NA,NA,NA,NA,NA,NA,"North Korea"
"South Korea",NA,NA,NA,NA,"2","4","4","5","4","5","5","5","4","4","3","3","3","3","3","3","3","3","3","4","3","3","3","4","4","4","4","4","4","4","4","4","4","3","3","3","3","3","3","3","3","3","2","2","2","2","2","2","2","2","2","2","2","2","2","2","2","2","2","2","2","2","2","2","2","2","2","2","2","South Korea"
"Mongolia",NA,NA,NA,NA,NA,NA,NA,NA,NA,NA,NA,NA,NA,NA,NA,NA,NA,NA,NA,NA,NA,NA,NA,NA,NA,NA,NA,NA,NA,NA,NA,NA,NA,NA,NA,NA,NA,NA,"4","4","4","3","3","2","2","2","2","2","2","2","2","2","2","2","2","2","2","1","2","1","1","1","1","1","1","1","1","1","1","1","1","1","1","Mongolia"
"Taiwan",NA,NA,NA,NA,NA,NA,NA,NA,NA,NA,NA,NA,NA,NA,NA,NA,NA,NA,NA,NA,NA,NA,NA,NA,NA,NA,NA,"4","4","5","5","5","4","4","4","4","4","4","3","4","4","4","3","3","3","3","3","3","3","3","2","2","2","2","2","2","2","2","2","2","2","2","2","2","2","2","2","2","2","2","2","2","2","Taiwan"
"Brunei",NA,NA,NA,NA,NA,NA,NA,NA,NA,NA,NA,NA,NA,NA,NA,NA,NA,NA,NA,NA,NA,NA,NA,NA,NA,NA,NA,NA,NA,NA,NA,NA,NA,NA,NA,"2","2","3","3","4","4","4","4","4","4","4","4","4","5","5","4","3","3","3","3","2","2","2","2","2","2","2","2","2","2","3","3","3","2","2","3","3","3","Brunei"
"Cambodia",NA,NA,NA,NA,NA,NA,NA,NA,NA,NA,NA,NA,NA,NA,NA,NA,NA,NA,NA,NA,NA,NA,NA,NA,NA,NA,NA,NA,NA,NA,NA,NA,NA,NA,NA,NA,NA,"2","2","2","2","2","2","3","2","3","3","3","3","2","2","2","2","2","2","2","2","2","1","1","2","2","2","2","2","2","2","2","2","2","2","2","2","Cambodia"
"Indonesia",NA,NA,NA,NA,NA,NA,NA,NA,NA,NA,NA,NA,NA,NA,NA,NA,NA,NA,NA,NA,NA,NA,NA,NA,NA,"2","3","3","3","3","3","2","2","2","2","2","2","2","2","2","2","2","2","2","2","2","2","2","2","2","1","1","1","1","1","1","1","1","1","1","1","1","1","1","1","1","1","1","1","1","1","1","1","Indonesia"
"Laos",NA,NA,NA,NA,NA,NA,NA,NA,NA,NA,NA,NA,NA,NA,NA,NA,NA,NA,NA,NA,NA,NA,NA,NA,NA,NA,NA,NA,NA,NA,NA,NA,NA,NA,NA,NA,NA,NA,NA,NA,NA,NA,NA,"5","5","5","4","3","3","2","2","1","1","1","1","1","1","1","1","1","1","1","1","1","1",NA,NA,NA,NA,NA,NA,NA,NA,"Laos"
"Malaysia",NA,NA,NA,NA,NA,NA,NA,NA,"3","3","3","2","2","2","2","3","3","3","3","3","3","4","4","3","3","3","3","3","3","3","3","3","4","4","3","3","3","3","3","2","2","2","3","2","2","2","2","2","2","2","2","2","2","2","2","2","2","2","2","2","2","2","2","2","2","2","2","2","2","1","1","2","2","Malaysia"
"Myanmar",NA,NA,NA,NA,NA,NA,NA,NA,NA,NA,NA,NA,"4","4","4","4","4","4","4","4","4","4","4","4","4","3","3","3","3","3","3","3","3","3","3","2","2","2","2","2","2","3","3","3","3","3","3","3","2","2","2","2","2","2","2","2","2",NA,NA,NA,NA,NA,NA,"3","3","3","3","3","3","2","2","2","3","Myanmar"
"Philippines",NA,NA,NA,NA,NA,NA,NA,NA,NA,"2","2","2","2","2","2","2","2","2","2","2","2","2","2","2","2","3",NA,"3","3","2","2","2","2","2","2","2","2","2","2","2","2","2","2","2","2","2","2","2","2","2","2","2","2","2","2","2","2","2","2","2","2","2","2","2","2","2","2","2","2","1","1","2","2","Philippines"
"Singapore",NA,NA,NA,NA,NA,NA,NA,NA,NA,NA,NA,NA,NA,NA,NA,NA,NA,NA,NA,NA,NA,"4","4","4","3","3","3","4","4","4","3","3","3","3","3","3","4","4","3","3","3","3","3","3","3","3","3","3","3","4","4","3","3","3","3","3","3","3","3","3","3","3","3","3","3","3","3","3","2","2","2","2","2","Singapore"
"Thailand",NA,NA,NA,NA,NA,NA,NA,NA,"3","3","3","2","2","2","2","2","2","2","2","2","2","3","3","3","2","2","2","3","3","3","3","3","3","3","3","3","3","3","3","2","2","2","2","2","2","2","2","2","2","2","2","2","2","2","2","2","2","2","2","2","2","2","2","2","2","2","2","2","2","2","2","2","2","Thailand"
"East Timor",NA,NA,NA,NA,NA,NA,NA,NA,NA,NA,NA,NA,NA,NA,NA,NA,NA,NA,NA,NA,NA,NA,NA,NA,NA,NA,NA,NA,NA,NA,NA,NA,NA,NA,NA,NA,NA,NA,NA,NA,NA,NA,NA,NA,NA,NA,NA,NA,NA,NA,NA,NA,NA,NA,NA,NA,"1","1","1","1","2","1","1","1","1","1","2","2","1","1","2","2","2","East Timor"
"Vietnam",NA,NA,NA,NA,NA,NA,NA,NA,NA,NA,NA,NA,NA,NA,NA,NA,NA,NA,NA,NA,NA,NA,NA,NA,NA,NA,NA,NA,NA,NA,NA,NA,NA,NA,NA,NA,NA,NA,"3","5","5","5","4","3","2","2",NA,NA,NA,NA,NA,NA,NA,NA,"2","2","2","2","2","2","2","2","2","2","2","2","2","2","2","2",NA,NA,NA,"Vietnam"
"Kazakhstan",NA,NA,NA,NA,NA,NA,NA,NA,NA,NA,NA,NA,NA,NA,NA,NA,NA,NA,NA,NA,NA,NA,NA,NA,NA,NA,NA,NA,NA,NA,NA,NA,NA,NA,NA,NA,NA,NA,NA,NA,NA,NA,NA,NA,"2","1","2","2","2","2","1","1","1","1","2","1","2","1","2","2","2","2","1","2","2","2",NA,"1","1","1","2","1","1","Kazakhstan"
"Kyrgyz Republic",NA,NA,NA,NA,NA,NA,NA,NA,NA,NA,NA,NA,NA,NA,NA,NA,NA,NA,NA,NA,NA,NA,NA,NA,NA,NA,NA,NA,NA,NA,NA,NA,NA,NA,NA,NA,NA,NA,NA,NA,NA,NA,NA,"1","1","2","2","2","2","2","2","2","2","2","2","2","2","2","2","2","2","2","2","2","2","2","2","2","2","2","2","2","2","Kyrgyz Republic"
"Tajikistan",NA,NA,NA,NA,NA,NA,NA,NA,NA,NA,NA,NA,NA,NA,NA,NA,NA,NA,NA,NA,NA,NA,NA,NA,NA,NA,NA,NA,NA,NA,NA,NA,NA,NA,NA,NA,NA,NA,NA,NA,NA,NA,NA,"1","1","1","2","2","2","2","2","1","1","2","2","2",NA,NA,NA,"2","1","1","2","1",NA,"2","2","2","2","2","2","2","2","Tajikistan"
"Turkmenistan",NA,NA,NA,NA,NA,NA,NA,NA,NA,NA,NA,NA,NA,NA,NA,NA,NA,NA,NA,NA,NA,NA,NA,NA,NA,NA,NA,NA,NA,NA,NA,NA,NA,NA,NA,NA,NA,NA,NA,NA,NA,NA,NA,NA,NA,"2","2","2","3","3","2",NA,NA,NA,NA,NA,NA,NA,NA,NA,NA,NA,NA,NA,NA,NA,NA,NA,NA,NA,NA,NA,NA,"Turkmenistan"
"Uzbekistan",NA,NA,NA,NA,NA,NA,NA,NA,NA,NA,NA,NA,NA,NA,NA,NA,NA,NA,NA,NA,NA,NA,NA,NA,NA,NA,NA,NA,NA,NA,NA,NA,NA,NA,NA,NA,NA,NA,NA,NA,NA,NA,NA,NA,NA,"2","2","2","2",NA,"2","2","1","1","1",NA,NA,NA,NA,NA,NA,NA,NA,NA,NA,NA,NA,NA,NA,"3",NA,NA,NA,"Uzbekistan"
"Albania",NA,NA,NA,NA,NA,NA,NA,NA,NA,NA,NA,NA,NA,NA,NA,NA,NA,NA,NA,NA,NA,NA,NA,NA,NA,NA,NA,NA,NA,NA,NA,"4","4","4","4","4","4","4","4","4","4","4","4","3","3","2","2","2","2","2","2","2","2","2","2","2","2","2","2","2","2","2","2","2","2","2","2","2","2","2","2","2","2","Albania"
"Bosnia and Herzegovina",NA,NA,NA,NA,NA,NA,NA,NA,NA,NA,NA,NA,NA,NA,NA,NA,NA,NA,NA,NA,NA,NA,NA,NA,NA,NA,NA,NA,NA,NA,NA,NA,NA,NA,NA,NA,NA,NA,NA,NA,NA,NA,NA,NA,NA,NA,NA,NA,NA,NA,NA,NA,NA,"3","2","2","2","2","2","2","2","2","2","2","2","2","2","1","1","1","1","1","1","Bosnia and Herzegovina"
"Bulgaria",NA,NA,NA,NA,NA,NA,NA,NA,NA,NA,NA,NA,NA,NA,NA,NA,NA,NA,NA,NA,NA,NA,NA,NA,NA,NA,NA,NA,NA,NA,NA,NA,NA,NA,NA,NA,NA,NA,NA,NA,"3","3","3","2","2","2","2","2","2","2","2","2","2","2","2","2","2","2","2","2","2","2","2","2","2","2","2","2","2","2","3","2","2","Bulgaria"
"Croatia",NA,NA,NA,NA,NA,NA,NA,NA,NA,NA,NA,NA,NA,NA,NA,NA,NA,NA,NA,NA,NA,NA,NA,NA,NA,NA,NA,NA,NA,NA,NA,NA,NA,NA,NA,NA,NA,NA,NA,NA,NA,NA,NA,"5","5","5","5","5","5","4","3","3","2","2","2","2","2","2","2","2","2","2","2","2","2","2","2","2","2","2","2","2","2","Croatia"
"Czech Republic",NA,NA,NA,NA,NA,NA,NA,NA,NA,NA,NA,NA,NA,NA,NA,NA,NA,NA,NA,NA,NA,NA,NA,NA,NA,NA,NA,NA,NA,NA,NA,NA,NA,NA,NA,NA,NA,NA,NA,NA,NA,NA,NA,NA,"2","2","2","2","2","2","2","2","2","2","2","2","2","2","2","2","2","2","2","2","2","1","1","1","1","2","2","2","2","Czech Republic"
"Estonia",NA,NA,NA,NA,NA,NA,NA,NA,NA,NA,NA,NA,NA,NA,NA,NA,NA,NA,NA,NA,NA,NA,NA,NA,NA,NA,NA,NA,NA,NA,NA,NA,NA,NA,NA,NA,NA,NA,NA,NA,NA,NA,NA,NA,"1","2","1","1","2","2","2","2","2","2","2","2","2","2","2","2","2","2","2","2","2","2","2","2","2","2","2","2","2","Estonia"
"German Democratic Republic",NA,NA,NA,NA,NA,NA,NA,NA,NA,NA,NA,NA,NA,NA,NA,NA,NA,NA,NA,NA,NA,NA,NA,NA,NA,NA,NA,NA,NA,NA,NA,NA,NA,NA,NA,NA,NA,NA,NA,NA,NA,NA,NA,NA,NA,NA,NA,NA,NA,NA,NA,NA,NA,NA,NA,NA,NA,NA,NA,NA,NA,NA,NA,NA,NA,NA,NA,NA,NA,NA,NA,NA,NA,"German Democratic Republic"
"Hungary",NA,NA,NA,NA,NA,NA,NA,NA,NA,NA,NA,NA,NA,NA,NA,NA,NA,NA,NA,NA,NA,"3","3","3","3","3","3","3","2","3","3","3","3","3","3","3","3","3","3","3","2","2","2","2","2","2","2","2","2","2","2","2","2","2","2","2","2","2","2","2","2","2","2","2","1","1","1","2","2","2","2","2","2","Hungary"
"Kosovo",NA,NA,NA,NA,NA,NA,NA,NA,NA,NA,NA,NA,NA,NA,NA,NA,NA,NA,NA,NA,NA,NA,NA,NA,NA,NA,NA,NA,NA,NA,NA,NA,NA,NA,NA,NA,NA,NA,NA,NA,NA,NA,NA,NA,NA,NA,NA,NA,NA,NA,NA,NA,NA,NA,NA,NA,NA,NA,NA,"1","1","1","1","1","1","1","1","1","1","1","1","2","1","Kosovo"
"Latvia",NA,NA,NA,NA,NA,NA,NA,NA,NA,NA,NA,NA,NA,NA,NA,NA,NA,NA,NA,NA,NA,NA,NA,NA,NA,NA,NA,NA,NA,NA,NA,NA,NA,NA,NA,NA,NA,NA,NA,NA,NA,NA,NA,NA,"1","1","1","1","1","1","1","1","2","2","2","2","2","2","2","2","2","2","2","1","1","1","2","2","2","2","2","2","2","Latvia"
"Lithuania",NA,NA,NA,NA,NA,NA,NA,NA,NA,NA,NA,NA,NA,NA,NA,NA,NA,NA,NA,NA,NA,NA,NA,NA,NA,NA,NA,NA,NA,NA,NA,NA,NA,NA,NA,NA,NA,NA,NA,NA,NA,NA,NA,NA,"1","1","1","1","1","2","1","2","2","2","2","2","2","2","2","2","2","1","1","1","1","1","2","2","2","2","2","2","2","Lithuania"
"North Macedonia",NA,NA,NA,NA,NA,NA,NA,NA,NA,NA,NA,NA,NA,NA,NA,NA,NA,NA,NA,NA,NA,NA,NA,NA,NA,NA,NA,NA,NA,NA,NA,NA,NA,NA,NA,NA,NA,NA,NA,NA,NA,NA,NA,NA,NA,NA,NA,"2","2","2","2","2","4","2","2","2","2","2","2","2","2","2","2","2","2","2","1","1","1","1","2","2","2","North Macedonia"
"Montenegro",NA,NA,NA,NA,NA,NA,NA,NA,NA,NA,NA,NA,NA,NA,NA,NA,NA,NA,NA,NA,NA,NA,NA,NA,NA,NA,NA,NA,NA,NA,NA,NA,NA,NA,NA,NA,NA,NA,NA,NA,NA,NA,NA,NA,NA,NA,NA,NA,NA,NA,NA,NA,NA,NA,NA,NA,"2","2","2","2","2","2","2","2","2","2","2","2","2","2","2","2","2","Montenegro"
"Poland",NA,NA,NA,NA,NA,NA,NA,NA,NA,NA,NA,NA,NA,NA,NA,NA,NA,NA,NA,NA,NA,NA,NA,NA,NA,NA,NA,NA,NA,NA,NA,"2","2","3","2","3","3","2","2","2","2","2","2","2","2","2","2","2","2","2","2","2","2","2","2","2","2","2","2","2","2","2","2","2","2","2","2","2","2","2","2","2","2","Poland"
"Romania",NA,NA,NA,NA,NA,NA,NA,NA,NA,NA,NA,NA,NA,NA,NA,NA,NA,NA,NA,NA,NA,NA,NA,NA,NA,NA,NA,NA,NA,NA,NA,"2","2","2","2","2","3","3","3","3","3","3","3","3","2","3","2","2","3","3","2","2","2","2","2","2","2","2","2","2","2","2","2","2","2","2","2","2","2","2","2","2","2","Romania"
"Serbia",NA,NA,NA,NA,NA,NA,NA,NA,NA,NA,NA,NA,NA,NA,NA,NA,NA,NA,NA,NA,NA,NA,NA,NA,NA,NA,NA,NA,NA,NA,NA,NA,NA,NA,NA,NA,NA,NA,NA,NA,NA,NA,NA,NA,NA,NA,NA,"3","3","3","3","4","3","3","3","2","2","2","2","2","2","2","2","2","2","2","2","2","2","2","2","2","2","Serbia"
"Slovakia",NA,NA,NA,NA,NA,NA,NA,NA,NA,NA,NA,NA,NA,NA,NA,NA,NA,NA,NA,NA,NA,NA,NA,NA,NA,NA,NA,NA,NA,NA,NA,NA,NA,NA,NA,NA,NA,NA,NA,NA,NA,NA,NA,NA,"2","2","3","2","2","2","2","2","2","2","2","2","2","2","2","2","2","2","2","2","1","1","2","2","2","2","2","2","2","Slovakia"
"Slovenia",NA,NA,NA,NA,NA,NA,NA,NA,NA,NA,NA,NA,NA,NA,NA,NA,NA,NA,NA,NA,NA,NA,NA,NA,NA,NA,NA,NA,NA,NA,NA,NA,NA,NA,NA,NA,NA,NA,NA,NA,NA,NA,NA,"2","2","2","2","2","2","2","2","2","2","2","2","2","2","2","2","2","2","2","2","2","2","1","1","2","1","1","2","2","2","Slovenia"
"Yugoslavia",NA,NA,NA,NA,NA,NA,NA,NA,NA,NA,NA,NA,NA,NA,NA,NA,NA,NA,NA,NA,NA,NA,NA,NA,NA,NA,NA,NA,NA,NA,NA,NA,NA,NA,NA,NA,NA,NA,NA,NA,NA,NA,NA,NA,NA,NA,NA,NA,NA,NA,NA,NA,NA,NA,NA,NA,NA,NA,NA,NA,NA,NA,NA,NA,NA,NA,NA,NA,NA,NA,NA,NA,NA,"Yugoslavia"
"Armenia",NA,NA,NA,NA,NA,NA,NA,NA,NA,NA,NA,NA,NA,NA,NA,NA,NA,NA,NA,NA,NA,NA,NA,NA,NA,NA,NA,NA,NA,NA,NA,NA,NA,NA,NA,NA,NA,NA,NA,NA,NA,NA,NA,"2","2",NA,"3","3","3","3","3","3","3","2","2","2","2","2","3","3","3","3","3","3","3","3","3","3","3","3","3","3","3","Armenia"
"Azerbaijan",NA,NA,NA,NA,NA,NA,NA,NA,NA,NA,NA,NA,NA,NA,NA,NA,NA,NA,NA,NA,NA,NA,NA,NA,NA,NA,NA,NA,NA,NA,NA,NA,NA,NA,NA,NA,NA,NA,NA,NA,NA,NA,NA,"2","4","2","2","2","2","2","2","2","2","2","2","2","2","3","2","3","3","2","3","3","3","3","4","3","3","3","3","4","4","Azerbaijan"
"Belarus",NA,NA,NA,NA,NA,NA,NA,NA,NA,NA,NA,NA,NA,NA,NA,NA,NA,NA,NA,NA,NA,NA,NA,NA,NA,NA,NA,NA,NA,NA,NA,NA,NA,NA,NA,NA,NA,NA,NA,NA,NA,NA,NA,"2","2","3","2","2","2","2","2","2","2","2","2","2","2","2","2","2","2","2","2","2","2","2","2","2","2","2","2","2","2","Belarus"
"Georgia",NA,NA,NA,NA,NA,NA,NA,NA,NA,NA,NA,NA,NA,NA,NA,NA,NA,NA,NA,NA,NA,NA,NA,NA,NA,NA,NA,NA,NA,NA,NA,NA,NA,NA,NA,NA,NA,NA,NA,NA,NA,NA,NA,NA,NA,NA,NA,"2","2","2","1","1","1","2","2","2","3","4","5","5","4","3","3","2","2","2","2","2","2","2","2","2","2","Georgia"
"Moldova",NA,NA,NA,NA,NA,NA,NA,NA,NA,NA,NA,NA,NA,NA,NA,NA,NA,NA,NA,NA,NA,NA,NA,NA,NA,NA,NA,NA,NA,NA,NA,NA,NA,NA,NA,NA,NA,NA,NA,NA,NA,NA,NA,NA,"1","1","1","1","1","1","1","1","1","1","1","1","1","1","1","1","1","1","1","1","1","1","1","1","1","1","1","1","1","Moldova"
"Russia",NA,NA,NA,NA,NA,NA,NA,NA,NA,NA,NA,NA,NA,NA,NA,NA,NA,NA,NA,NA,NA,NA,NA,NA,NA,NA,NA,NA,NA,NA,NA,NA,NA,NA,NA,NA,NA,NA,NA,NA,NA,NA,NA,"3","3","3","3","3","3","2","3","3","3","3","3","3","3","3","3","3","3","3","3","3","3","3","3","4","3","3","3","3","3","Russia"
"Ukraine",NA,NA,NA,NA,NA,NA,NA,NA,NA,NA,NA,NA,NA,NA,NA,NA,NA,NA,NA,NA,NA,NA,NA,NA,NA,NA,NA,NA,NA,NA,NA,NA,NA,NA,NA,NA,NA,NA,NA,NA,NA,NA,NA,NA,"1","2","2","2","2","2","2","2","2","2","2","2","2","2","2","2","2","2","2","2","2","2","3","3","2","3","3","3","3","Ukraine"
"USSR",NA,NA,NA,NA,NA,NA,NA,NA,NA,NA,NA,NA,NA,NA,NA,NA,NA,NA,NA,NA,NA,NA,NA,NA,NA,NA,NA,NA,NA,NA,NA,NA,NA,NA,NA,NA,NA,NA,NA,NA,NA,NA,NA,NA,NA,NA,NA,NA,NA,NA,NA,NA,NA,NA,NA,NA,NA,NA,NA,NA,NA,NA,NA,NA,NA,NA,NA,NA,NA,NA,NA,NA,NA,"USSR"
"Austria",NA,NA,NA,NA,NA,NA,NA,NA,"2","2","2","2","2","2","2","2","2","2","2","2","2","2","2","2","2","2","2","2","2","2","2","2","2","2","2","2","2","2","2","2","2","2","2","2","2","2","2","2","2","2","1","1","1","1","1","1","1","1","1","1","1","1","1","1","1","1","1","1","1","1","1","1","1","Austria"
"Belgium",NA,NA,NA,NA,"3","3","3","3","3","3","3","3","3","3","3","3","2","3","3","3","2","2","2","2","2","2","3","3","3","3","3","3","3","3","3","3","2","2","2","2","2","2","2","2","2","2","2","2","2","2","2","2","2","2","2","2","2","2","2","2","2","2","2","2","2","1","1","1","1","1","1","2","2","Belgium"
"Cyprus",NA,NA,NA,NA,NA,NA,NA,NA,NA,NA,NA,NA,NA,NA,NA,NA,NA,NA,NA,NA,NA,NA,NA,NA,NA,NA,NA,NA,NA,NA,NA,NA,NA,NA,NA,NA,"2","2","4","4","4","5","5","5","3","3","3","3","4","3","2","2","3","2","2","2","2","2","2","2","2","2","2","2","2","2","2","2","2","2","2","2","2","Cyprus"
"Denmark",NA,"2","2","2","3","3","3","3","3","2","2","2","2","3","3","2","2","2","2","2","2","2","2","2","2","2","2","2","2","2","2","2","2","2","2","2","2","2","2","2","2","2","2","2","2","2","2","2","2","2","2","2","2","2","2","2","2","2","2","2","2","2","2","2","2","2","2","2","2","2","2","2","2","Denmark"
"Finland",NA,NA,NA,NA,NA,NA,NA,NA,NA,"2","2","2","2","2","2","2","2","2","2","2","2","2","2","2","2","2","2","2","2","2","2","2","2","2","2","2","2","2","2","2","2","2","2","2","2","2","2","2","2","2","2","2","2","2","2","2","2","2","2","2","2","2","2","2","2","2","2","2","2","2","2","2","2","Finland"
"France",NA,"3","4","5","5","4","4","4","4","4","4","4","4","4","3","3","3","3","3","3","3","3","3","3","3","3","3","3","3","3","3","3","3","3","3","3","3","3","3","2","2","2","2","2","2","2","2","2","2","2","2","2","2","2","2","2","2","2","2","2","2","2","2","2","2","2","2","2","2","2","2","2","2","France"
"Germany",NA,NA,NA,NA,"3","3","3","3","3","2","3","3","3","3","3","3","3","3","3","3","3","3","3","3","3","3","3","3","3","3","2","2","3","3","3","2","2","2","2","2","2","2","2","2","2","2","2","2","2","2","2","2","2","2","2","2","2","2","2","2","2","2","2","2","2","2","2","2","2","2","2","2","2","Germany"
"Greece","4","4","4","4","4","4","4","4","4","3","3","3","3","3","3","3","3","3","3","3","3","3","3","3","3","3","4","4","4","4","4","3","4","4","4","3","3","3","3","3","3","3","3","3","3","3","3","3","3","3","3","3","3","3","2","2","2","2","2","2","3","2","2","2","2","2","2","2","2","2","2","2","3","Greece"
"Iceland",NA,NA,NA,NA,NA,NA,NA,NA,NA,NA,NA,NA,NA,NA,NA,NA,NA,NA,NA,NA,NA,NA,NA,NA,NA,NA,NA,NA,NA,NA,NA,NA,NA,NA,NA,NA,NA,NA,NA,NA,NA,NA,NA,NA,NA,NA,NA,NA,NA,NA,NA,NA,NA,NA,NA,NA,NA,NA,NA,NA,NA,NA,NA,NA,NA,NA,NA,NA,NA,NA,NA,NA,NA,"Iceland"
"Ireland",NA,NA,NA,NA,NA,NA,NA,NA,NA,"2","2","2","2","2","2","2","2","2","2","2","2","2","2","2","2","2","2","2","2","2","2","2","2","2","2","2","2","2","2","2","2","2","2","2","2","2","2","1","1","1","1","1","1","1","1","1","1","1","1","1","1","1","1","1","1","1","1","1","1","1","1","1","1","Ireland"
"Italy",NA,NA,"3","3","3","3","3","3","3","3","2","2","2","2","2","2","2","2","2","2","2","2","2","2","2","2","2","2","2","2","2","2","2","2","2","2","2","2","2","2","2","2","2","2","2","2","2","2","2","2","2","2","2","2","2","2","2","2","2","2","2","2","2","2","2","2","2","2","2","2","2","2","2","Italy"
"Luxembourg",NA,"2","2","2","2","2","2","2","2","2","2","1","2","2","2","2","2","2","1","1","1","1","1","1","1","1","1","1","1","1","1","2","2","2","2","2","1","1","1","1","1","1","1","1","1","1","1","1","1","1","1","1","1","1","1","1","1","1","1","1","1","1","1","1","1","1","1","1","1","1","1","1","1","Luxembourg"
"Malta",NA,NA,NA,NA,NA,NA,NA,NA,NA,NA,NA,NA,NA,NA,NA,NA,NA,NA,NA,NA,NA,NA,NA,NA,NA,NA,NA,NA,NA,NA,NA,NA,NA,NA,NA,NA,"2","2","2","2","2","1","1","1","2","2","1","1","1","1","1","1","1","1","1","1","1","1","1","1","1","1","1","1","1","1","1","1","1","1","1","1","1","Malta"
"Netherlands",NA,NA,NA,NA,NA,NA,NA,"4","4","3","3","3","3","3","3","3","3","3","3","3","3","2","2","2","2","2","2","2","2","2","2","2","2","3","2","2","2","2","2","2","2","2","2","2","2","2","2","2","2","2","2","2","2","2","2","2","2","2","2","2","2","2","2","2","2","2","2","2","2","2","2","2","2","Netherlands"
"Norway","2","2","3","3","4","4","3","3","3","3","3","3","3","3","3","3","3","3","3","3","3","3","3","3","3","3","3","3","3","2","2","2","2","2","2","2","2","2","2","2","2","2","2","2","2","2","2","2","2","2","2","2","2","2","2","2","2","2","2","2","2","2","2","2","2","2","2","2","2","2","2","2","2","Norway"
"Portugal",NA,"3",NA,NA,"3","3","3","3","3","3","3","3","4","4","4","4","4","4","4","4","4","4","4","4","3","4","3","3","2","2","2","2","2","2","2","2","2","2","2","2","2","2","2","2","2","2","2","2","2","2","2","2","2","2","2","2","2","2","2","2","2","2","2","2","2","2","2","2","2","2","2","2","2","Portugal"
"Spain",NA,NA,NA,NA,NA,"2","2","2","2","2","2","2","2","2","2","2","2","2","2","2","2","2","2","2","2","2","2","2","2","2","2","2","2","2","2","2","2","2","2","2","2","2","2","2","2","2","2","2","2","2","2","2","2","2","2","2","2","2","2","2","2","2","2","2","2","2","2","2","2","2","2","2","2","Spain"
"Sweden",NA,NA,NA,NA,NA,NA,NA,NA,NA,NA,NA,"3","3","3","3","3","3","3","3","3","3","3","3","3","3","3","3","3","3","3","3","2","2","2","2","2","2","2","2","2","2","2","2","2","2","2","2","2","2","2","2","2","2","2","2","2","2","2","2","2","2","2","2","2","2","2","2","2","2","2","2","2","2","Sweden"
"Switzerland",NA,NA,NA,NA,NA,NA,NA,NA,"2","2","2","2","2","2","2","2","2","2","2","2","2","2","2","2","2","2","2","2","2","2","2","2","2","2","2","2","2","2","2","2","2","2","2","2","2","2","2","2","2","2","2","2","1","1","1","1","1","1","1","1","1","1","1","1","1","1","1","1","1","1","1","1","1","Switzerland"
"United Kingdom",NA,"5","5","5","5","5","5","5","5","5","5","5","4","4","4","4","4","4","4","4","4","4","4","4","3","4","4","4","3","3","3","4","3","4","4","4","4","4","3","3","3","3","3","3","3","3","2","2","2","2","2","2","2","2","2","2","2","2","2","2","2","2","2","2","2","2","2","2","2","2","2","2","2","United Kingdom"
"Bahrain",NA,NA,NA,NA,NA,NA,NA,NA,NA,NA,NA,NA,NA,NA,NA,NA,NA,NA,NA,NA,NA,NA,NA,NA,NA,NA,"2","2","2","3","4","4","4","5","3","3","3","4","4","4","4","4","4","4","4","4","4","4","4","4","4","3","3","3","3","3","3","3","2","2","3","3","3","3","3","3","3","3","3","3","3","3","3","Bahrain"
"Egypt",NA,NA,NA,NA,NA,NA,NA,NA,NA,NA,NA,NA,NA,"4","5","5","5","5","5","5","5","5","5","5","5","5","5","5","5","5","4","4","5","5","5","5","5","5","4","4","3","3","3","3","3","3","3","2","2","2","2","2","2","3","3","2","2","2","2","2","2","2","2","2","2","2","2","2","2","2","2","2","2","Egypt"
"Iran",NA,NA,NA,NA,NA,NA,NA,NA,NA,NA,NA,"2","2","2","2","2","3","3","3","4","4","4","3","2","2","5","5","5","5","5","4","4","5","5","5","4","4","4","4","4","3","2","2","2","2","2","2","2","2","2","2","2","2","2","2","2","3","3","2","2","3","2","2","2","2","2","2","2","3","2","2","2","2","Iran"
"Iraq",NA,NA,NA,NA,NA,NA,NA,NA,"4","4","4","5","4","4","5","5","5","5","5","5","5","5","5","5","5","5","5","5","5","5","4","4","5",NA,NA,NA,NA,NA,NA,NA,NA,NA,NA,NA,NA,NA,NA,NA,NA,NA,NA,NA,NA,NA,NA,"2","2","2","2","2","2","2","2","2","3","2","4","3","3","2","3","3","2","Iraq"
"Israel",NA,NA,NA,NA,NA,NA,NA,NA,NA,NA,NA,"5","5","5","5","5","5","5","5","5","5","5","5","5","5","5","5","5","5","5","5","5","5","5","5","5","5","5","5","5","5","5","5","5","5","5","5","5","5","4","4","4","4","4","4","4","4","4","4","4","4","4","4","4","4","4","4","4","4","4","4","4","4","Israel"
"Jordan",NA,NA,NA,NA,NA,NA,NA,NA,NA,NA,"5","5","5","5","5","5","5","5","5","5",NA,"5","5","5","5","5","5","5","5","5","5","5","5","5","5","5","5","5","5","5","5","5","5","4","4","4","3","4","4","4","4","4","4","4","4","4","3","3","4","4","4","4","4","3","3","3","3","3","3","3","3","3","4","Jordan"
"Kuwait",NA,NA,NA,NA,NA,NA,NA,NA,NA,NA,NA,NA,NA,NA,NA,NA,NA,NA,NA,NA,NA,"2","2","2","2","3",NA,NA,"4","3","3","3","3","4","4","4","4","5","4","5","5","5","5","5","5","5","5","5","5","5","5","5","5","5","4","4","3","3","3","3","3","3","3","3","3","3","4","4","4","4","4","4","4","Kuwait"
"Lebanon",NA,NA,NA,NA,NA,NA,NA,NA,NA,NA,NA,NA,NA,NA,NA,"3","3","3","3","3","3","3","3","4","3",NA,NA,"5","3","5","5","5","5","5","5","5","4","4","2","2",NA,"5","4","5","4","4","4","4","3","3","3","4","4","3","3","3","3","3","3","3","3","3","3","3","3","3","3","4","3","3","3","3",NA,"Lebanon"
"Oman",NA,NA,NA,NA,NA,NA,NA,NA,NA,NA,NA,NA,NA,NA,NA,NA,NA,NA,NA,NA,NA,NA,"5","5","5","5","5","5","5","5","5","5","5","5","5","5","5","5","5","5","5","5","5","5","5","5","5","5","5","5","5","5","5","5","5","5","5","5","5","4","4","4","5","5","5","5","5","5","5","5","5","5","5","Oman"
"Qatar",NA,NA,NA,NA,NA,NA,NA,NA,NA,NA,NA,NA,NA,NA,NA,NA,NA,NA,NA,NA,NA,NA,NA,NA,NA,NA,NA,NA,NA,NA,NA,"5","5","5","5","5","5",NA,"5","5","5","5","5",NA,NA,NA,NA,NA,NA,NA,NA,NA,NA,"3","3","2","2","2","2","2","2","2",NA,NA,NA,NA,NA,NA,NA,NA,NA,NA,"3","Qatar"
"Saudi Arabia",NA,NA,NA,NA,NA,NA,NA,NA,NA,NA,NA,NA,NA,NA,"4","4","5","5","5","5","5","5","5","5","5",NA,NA,NA,"5","5","5","5","5","5","5","5","5",NA,"5","5","5","5","5","5","5","5","5","5","5","5","5","5","5","5","5","5","5","5","5","5","5","5","5","5","5","5","5","5","5","5","5","5","4","Saudi Arabia"
"Syria",NA,NA,NA,NA,NA,NA,NA,NA,NA,NA,NA,"5","5","5",NA,"5","5","5","5","5","5","5","5","5","5","5","5","5","5","5","5","5","5","5","5","5","5","5","5","5","5","4","5","5","5","5","4","4","4","4","4","4","4","4","4","4","4","3","3","3","3","3",NA,NA,NA,NA,NA,NA,NA,NA,NA,NA,NA,"Syria"
"Turkey",NA,NA,NA,NA,NA,NA,NA,NA,NA,NA,NA,"3","3","3","3","3","3","3","3","3","3","3","3","3","3","3","4","3","3","3","3","3","3","3","3","3","3","3","3","2","3","3","3","3","3","3","3","3","3","3","3","3","3","3","3","2","2","2","2","2","2","2","2","2","2","2","2","2","2","2","2","2","2","Turkey"
"United Arab Emirates",NA,NA,NA,NA,NA,NA,NA,NA,NA,NA,NA,NA,NA,NA,NA,NA,NA,NA,NA,NA,NA,NA,NA,NA,NA,NA,NA,NA,NA,NA,NA,NA,NA,NA,NA,NA,NA,NA,NA,NA,NA,NA,NA,NA,NA,NA,NA,NA,"4","5","5","5","4","3","3","3","3","3","3","3","4","4","4","4","4","4",NA,NA,NA,NA,NA,NA,NA,"United Arab Emirates"
"Yemen, North",NA,NA,NA,NA,NA,NA,NA,NA,NA,NA,NA,NA,NA,NA,NA,NA,NA,NA,NA,NA,NA,NA,NA,NA,NA,NA,NA,NA,NA,NA,NA,NA,NA,NA,NA,NA,NA,NA,NA,NA,NA,NA,NA,NA,NA,NA,NA,NA,NA,NA,NA,NA,NA,NA,NA,NA,NA,NA,NA,NA,NA,NA,NA,NA,NA,NA,NA,NA,NA,NA,NA,NA,NA,"Yemen, North"
"Yemen",NA,NA,NA,NA,NA,NA,NA,NA,NA,NA,NA,NA,NA,NA,NA,NA,NA,NA,NA,NA,NA,NA,NA,NA,NA,NA,NA,NA,NA,NA,NA,NA,NA,NA,NA,NA,NA,NA,NA,NA,NA,"4","5","5","5","5","4","4","4","4","4","3","4","4","4","4","3","3","3","3","4","3","3","3","3","3",NA,NA,NA,NA,NA,NA,NA,"Yemen"
